通道一计数表：,,,通道二计数表：,,
ID,计数时长(s),计数,ID,计数时长(s),计数
1,0.1,10,1,0.4,25
2,0.1,6,2,0.4,18
3,0.1,3,3,0.4,31
4,0.1,8,4,0.4,24
5,0.1,7,5,0.4,19
6,0.1,6,6,0.4,27
7,0.1,11,7,0.4,18
8,0.1,3,8,0.4,24
9,0.1,10,9,0.4,24
10,0.1,5,10,0.4,22
11,0.1,3,11,0.4,19
12,0.1,8,12,0.4,24
13,0.1,1,13,0.4,22
14,0.1,6,14,0.4,26
15,0.1,1,15,0.4,23
16,0.1,7,16,0.4,18
17,0.1,1,17,0.4,21
18,0.1,9,18,0.4,21
19,0.1,2,19,0.4,26
20,0.1,6,20,0.4,19
21,0.1,4,21,0.4,22
22,0.1,6,22,0.4,18
23,0.1,7,23,0.4,21
24,0.1,5,24,0.4,18
25,0.1,6,25,0.4,19
26,0.1,5,26,0.4,28
27,0.1,5,27,0.4,16
28,0.1,6,28,0.4,21
29,0.1,6,29,0.4,25
30,0.1,6,30,0.4,25
31,0.1,4,31,0.4,21
32,0.1,6,32,0.4,23
33,0.1,3,33,0.4,20
34,0.1,6,34,0.4,23
35,0.1,3,35,0.4,25
36,0.1,4,36,0.4,23
37,0.1,7,37,0.4,16
38,0.1,4,38,0.4,17
39,0.1,8,39,0.4,21
40,0.1,5,40,0.4,18
41,0.1,5,41,0.4,11
42,0.1,5,42,0.4,19
43,0.1,5,43,0.4,26
44,0.1,5,44,0.4,26
45,0.1,5,45,0.4,20
46,0.1,5,46,0.4,27
47,0.1,1,47,0.4,23
48,0.1,4,48,0.4,24
49,0.1,3,49,0.4,23
50,0.1,6,50,0.4,24
51,0.1,3,51,0.4,31
52,0.1,4,52,0.4,17
53,0.1,3,53,0.4,16
54,0.1,1,54,0.4,25
55,0.1,3,55,0.4,21
56,0.1,4,56,0.4,12
57,0.1,7,57,0.4,20
58,0.1,5,58,0.4,23
59,0.1,10,59,0.4,23
60,0.1,8,60,0.4,20
61,0.1,6,61,0.4,24
62,0.1,4,62,0.4,25
63,0.1,3,63,0.4,20
64,0.1,5,64,0.4,26
65,0.1,1,65,0.4,18
66,0.1,5,66,0.4,25
67,0.1,5,67,0.4,18
68,0.1,1,68,0.4,23
69,0.1,5,69,0.4,23
70,0.1,4,70,0.4,20
71,0.1,4,71,0.4,23
72,0.1,4,72,0.4,24
73,0.1,8,73,0.4,17
74,0.1,3,74,0.4,22
75,0.1,5,75,0.4,14
76,0.1,4,76,0.4,31
77,0.1,4,77,0.4,17
78,0.1,4,78,0.4,29
79,0.1,6,79,0.4,27
80,0.1,1,80,0.4,22
81,0.1,7,81,0.4,19
82,0.1,6,82,0.4,24
83,0.1,4,83,0.4,21
84,0.1,1,84,0.4,17
85,0.1,2,85,0.4,14
86,0.1,2,86,0.4,15
87,0.1,9,87,0.4,21
88,0.1,3,88,0.4,27
89,0.1,9,89,0.4,26
90,0.1,4,90,0.4,25
91,0.1,1,91,0.4,17
92,0.1,7,92,0.4,18
93,0.1,3,93,0.4,20
94,0.1,9,94,0.4,27
95,0.1,7,95,0.4,18
96,0.1,1,96,0.4,20
97,0.1,3,97,0.4,25
98,0.1,2,98,0.4,22
99,0.1,9,99,0.4,32
100,0.1,3,100,0.4,20
101,0.1,7,101,0.4,19
102,0.1,8,102,0.4,28
103,0.1,7,103,0.4,17
104,0.1,7,104,0.4,19
105,0.1,5,105,0.4,17
106,0.1,5,106,0.4,30
107,0.1,3,107,0.4,15
108,0.1,3,108,0.4,24
109,0.1,3,109,0.4,18
110,0.1,3,110,0.4,24
111,0.1,7,111,0.4,23
112,0.1,2,112,0.4,17
113,0.1,6,113,0.4,24
114,0.1,3,114,0.4,20
115,0.1,4,115,0.4,23
116,0.1,3,116,0.4,17
117,0.1,5,117,0.4,22
118,0.1,3,118,0.4,18
119,0.1,5,119,0.4,19
120,0.1,4,120,0.4,25
121,0.1,3,121,0.4,26
122,0.1,10,122,0.4,35
123,0.1,5,123,0.4,11
124,0.1,3,124,0.4,16
125,0.1,10,125,0.4,20
126,0.1,7,126,0.4,34
127,0.1,4,127,0.4,15
128,0.1,9,128,0.4,27
129,0.1,5,129,0.4,21
130,0.1,5,130,0.4,21
131,0.1,4,131,0.4,22
132,0.1,3,132,0.4,18
133,0.1,8,133,0.4,22
134,0.1,7,134,0.4,22
135,0.1,5,135,0.4,21
136,0.1,3,136,0.4,17
137,0.1,11,137,0.4,18
138,0.1,12,138,0.4,17
139,0.1,5,139,0.4,19
140,0.1,4,140,0.4,24
141,0.1,3,141,0.4,23
142,0.1,6,142,0.4,22
143,0.1,6,143,0.4,34
144,0.1,10,144,0.4,23
145,0.1,4,145,0.4,28
146,0.1,7,146,0.4,20
147,0.1,3,147,0.4,25
148,0.1,3,148,0.4,17
149,0.1,4,149,0.4,22
150,0.1,3,150,0.4,20
151,0.1,6,151,0.4,30
152,0.1,3,152,0.4,19
153,0.1,4,153,0.4,19
154,0.1,5,154,0.4,18
155,0.1,4,155,0.4,21
156,0.1,5,156,0.4,19
157,0.1,9,157,0.4,18
158,0.1,6,158,0.4,15
159,0.1,7,159,0.4,27
160,0.1,5,160,0.4,20
161,0.1,8,161,0.4,23
162,0.1,4,162,0.4,22
163,0.1,8,163,0.4,28
164,0.1,6,164,0.4,19
165,0.1,3,165,0.4,17
166,0.1,6,166,0.4,36
167,0.1,3,167,0.4,31
168,0.1,7,168,0.4,26
169,0.1,6,169,0.4,24
170,0.1,5,170,0.4,19
171,0.1,4,171,0.4,14
172,0.1,9,172,0.4,16
173,0.1,8,173,0.4,21
174,0.1,5,174,0.4,17
175,0.1,2,175,0.4,27
176,0.1,5,176,0.4,19
177,0.1,7,177,0.4,20
178,0.1,5,178,0.4,21
179,0.1,6,179,0.4,20
180,0.1,1,180,0.4,26
181,0.1,9,181,0.4,23
182,0.1,3,182,0.4,31
183,0.1,2,183,0.4,26
184,0.1,6,184,0.4,28
185,0.1,4,185,0.4,14
186,0.1,7,186,0.4,23
187,0.1,3,187,0.4,17
188,0.1,7,188,0.4,21
189,0.1,6,189,0.4,23
190,0.1,7,190,0.4,23
191,0.1,5,191,0.4,21
192,0.1,6,192,0.4,20
193,0.1,6,193,0.4,15
194,0.1,6,194,0.4,25
195,0.1,6,195,0.4,20
196,0.1,5,196,0.4,23
197,0.1,2,197,0.4,20
198,0.1,1,198,0.4,29
199,0.1,4,199,0.4,26
200,0.1,3,200,0.4,25
201,0.1,3,201,0.4,20
202,0.1,3,202,0.4,22
203,0.1,5,203,0.4,25
204,0.1,2,204,0.4,21
205,0.1,4,205,0.4,17
206,0.1,7,206,0.4,23
207,0.1,6,207,0.4,31
208,0.1,7,208,0.4,25
209,0.1,6,209,0.4,25
210,0.1,5,210,0.4,24
211,0.1,7,211,0.4,17
212,0.1,9,212,0.4,23
213,0.1,3,213,0.4,20
214,0.1,3,214,0.4,19
215,0.1,6,215,0.4,22
216,0.1,6,216,0.4,22
217,0.1,3,217,0.4,17
218,0.1,9,218,0.4,23
219,0.1,3,219,0.4,26
220,0.1,8,220,0.4,27
221,0.1,3,221,0.4,23
222,0.1,5,222,0.4,25
223,0.1,6,223,0.4,28
224,0.1,4,224,0.4,22
225,0.1,4,225,0.4,24
226,0.1,7,226,0.4,30
227,0.1,4,227,0.4,22
228,0.1,7,228,0.4,22
229,0.1,3,229,0.4,18
230,0.1,5,230,0.4,25
231,0.1,4,231,0.4,26
232,0.1,3,232,0.4,29
233,0.1,4,233,0.4,24
234,0.1,0,234,0.4,15
235,0.1,6,235,0.4,19
236,0.1,10,236,0.4,18
237,0.1,9,237,0.4,19
238,0.1,3,238,0.4,20
239,0.1,3,239,0.4,25
240,0.1,4,240,0.4,26
241,0.1,9,241,0.4,28
242,0.1,6,242,0.4,24
243,0.1,6,243,0.4,19
244,0.1,6,244,0.4,9
245,0.1,3,245,0.4,29
246,0.1,3,246,0.4,21
247,0.1,8,247,0.4,19
248,0.1,7,248,0.4,24
249,0.1,8,249,0.4,29
250,0.1,9,250,0.4,23
251,0.1,3,251,0.4,22
252,0.1,8,252,0.4,24
253,0.1,8,253,0.4,21
254,0.1,3,254,0.4,27
255,0.1,8,255,0.4,16
256,0.1,2,256,0.4,20
257,0.1,8,257,0.4,24
258,0.1,4,258,0.4,29
259,0.1,6,259,0.4,24
260,0.1,2,260,0.4,25
261,0.1,3,261,0.4,26
262,0.1,7,262,0.4,20
263,0.1,7,263,0.4,27
264,0.1,10,264,0.4,16
265,0.1,3,265,0.4,30
266,0.1,4,266,0.4,23
267,0.1,4,267,0.4,16
268,0.1,8,268,0.4,18
269,0.1,2,269,0.4,26
270,0.1,3,270,0.4,17
271,0.1,7,271,0.4,14
272,0.1,4,272,0.4,22
273,0.1,4,273,0.4,13
274,0.1,10,274,0.4,26
275,0.1,4,275,0.4,28
276,0.1,5,276,0.4,29
277,0.1,2,277,0.4,20
278,0.1,8,278,0.4,24
279,0.1,4,279,0.4,22
280,0.1,5,280,0.4,30
281,0.1,9,281,0.4,20
282,0.1,5,282,0.4,18
283,0.1,4,283,0.4,25
284,0.1,1,284,0.4,14
285,0.1,6,285,0.4,31
286,0.1,4,286,0.4,20
287,0.1,4,287,0.4,28
288,0.1,3,288,0.4,25
289,0.1,3,289,0.4,17
290,0.1,4,290,0.4,28
291,0.1,4,291,0.4,18
292,0.1,8,292,0.4,25
293,0.1,3,293,0.4,21
294,0.1,7,294,0.4,26
295,0.1,7,295,0.4,20
296,0.1,5,296,0.4,21
297,0.1,7,297,0.4,15
298,0.1,7,298,0.4,16
299,0.1,2,299,0.4,27
300,0.1,3,300,0.4,22
301,0.1,3,301,0.4,28
302,0.1,11,302,0.4,20
303,0.1,5,303,0.4,22
304,0.1,5,304,0.4,11
305,0.1,3,305,0.4,21
306,0.1,4,306,0.4,24
307,0.1,5,307,0.4,26
308,0.1,9,308,0.4,18
309,0.1,2,309,0.4,21
310,0.1,5,310,0.4,23
311,0.1,9,311,0.4,22
312,0.1,5,312,0.4,21
313,0.1,6,313,0.4,27
314,0.1,8,314,0.4,21
315,0.1,7,315,0.4,31
316,0.1,6,316,0.4,17
317,0.1,3,317,0.4,26
318,0.1,7,318,0.4,29
319,0.1,5,319,0.4,21
320,0.1,4,320,0.4,21
321,0.1,7,321,0.4,21
322,0.1,9,322,0.4,18
323,0.1,4,323,0.4,24
324,0.1,5,324,0.4,18
325,0.1,5,325,0.4,25
326,0.1,4,326,0.4,18
327,0.1,6,327,0.4,33
328,0.1,3,328,0.4,19
329,0.1,3,329,0.4,13
330,0.1,5,330,0.4,26
331,0.1,2,331,0.4,21
332,0.1,2,332,0.4,23
333,0.1,6,333,0.4,19
334,0.1,4,334,0.4,29
335,0.1,2,335,0.4,26
336,0.1,3,336,0.4,18
337,0.1,3,337,0.4,26
338,0.1,2,338,0.4,21
339,0.1,1,339,0.4,27
340,0.1,6,340,0.4,19
341,0.1,8,341,0.4,27
342,0.1,4,342,0.4,27
343,0.1,5,343,0.4,24
344,0.1,7,344,0.4,25
345,0.1,2,345,0.4,18
346,0.1,6,346,0.4,28
347,0.1,5,347,0.4,22
348,0.1,5,348,0.4,16
349,0.1,3,349,0.4,18
350,0.1,7,350,0.4,20
351,0.1,5,351,0.4,21
352,0.1,3,352,0.4,29
353,0.1,3,353,0.4,20
354,0.1,8,354,0.4,24
355,0.1,2,355,0.4,18
356,0.1,5,356,0.4,17
357,0.1,6,357,0.4,24
358,0.1,5,358,0.4,36
359,0.1,2,359,0.4,20
360,0.1,4,360,0.4,31
361,0.1,4,361,0.4,27
362,0.1,3,362,0.4,28
363,0.1,7,363,0.4,28
364,0.1,4,364,0.4,21
365,0.1,5,365,0.4,19
366,0.1,2,366,0.4,17
367,0.1,8,367,0.4,18
368,0.1,7,368,0.4,27
369,0.1,4,369,0.4,26
370,0.1,6,370,0.4,14
371,0.1,4,371,0.4,23
372,0.1,6,372,0.4,27
373,0.1,6,373,0.4,27
374,0.1,3,374,0.4,17
375,0.1,6,375,0.4,24
376,0.1,4,376,0.4,23
377,0.1,3,377,0.4,23
378,0.1,7,378,0.4,19
379,0.1,6,379,0.4,25
380,0.1,7,380,0.4,18
381,0.1,6,381,0.4,18
382,0.1,4,382,0.4,23
383,0.1,2,383,0.4,26
384,0.1,6,384,0.4,23
385,0.1,2,385,0.4,25
386,0.1,3,386,0.4,26
387,0.1,4,387,0.4,14
388,0.1,4,388,0.4,17
389,0.1,2,389,0.4,25
390,0.1,3,390,0.4,30
391,0.1,7,391,0.4,12
392,0.1,4,392,0.4,22
393,0.1,8,393,0.4,21
394,0.1,6,394,0.4,24
395,0.1,5,395,0.4,26
396,0.1,8,396,0.4,20
397,0.1,6,397,0.4,23
398,0.1,5,398,0.4,28
399,0.1,6,399,0.4,25
400,0.1,7,400,0.4,21
401,0.1,6,401,0.4,18
402,0.1,3,402,0.4,22
403,0.1,7,403,0.4,32
404,0.1,7,404,0.4,23
405,0.1,3,405,0.4,24
406,0.1,5,406,0.4,28
407,0.1,6,407,0.4,23
408,0.1,4,408,0.4,23
409,0.1,6,409,0.4,26
410,0.1,3,410,0.4,17
411,0.1,3,411,0.4,27
412,0.1,1,412,0.4,25
413,0.1,5,413,0.4,20
414,0.1,6,414,0.4,11
415,0.1,6,415,0.4,25
416,0.1,1,416,0.4,28
417,0.1,5,417,0.4,19
418,0.1,7,418,0.4,35
419,0.1,2,419,0.4,20
420,0.1,8,420,0.4,22
421,0.1,3,421,0.4,21
422,0.1,1,422,0.4,21
423,0.1,5,423,0.4,24
424,0.1,5,424,0.4,20
425,0.1,6,425,0.4,20
426,0.1,9,426,0.4,31
427,0.1,4,427,0.4,28
428,0.1,7,428,0.4,25
429,0.1,1,429,0.4,24
430,0.1,3,430,0.4,23
431,0.1,5,431,0.4,19
432,0.1,1,432,0.4,24
433,0.1,5,433,0.4,23
434,0.1,7,434,0.4,33
435,0.1,2,435,0.4,21
436,0.1,6,436,0.4,24
437,0.1,4,437,0.4,31
438,0.1,7,438,0.4,33
439,0.1,4,439,0.4,29
440,0.1,1,440,0.4,27
441,0.1,6,441,0.4,17
442,0.1,5,442,0.4,19
443,0.1,5,443,0.4,26
444,0.1,6,444,0.4,17
445,0.1,4,445,0.4,21
446,0.1,5,446,0.4,15
447,0.1,5,447,0.4,25
448,0.1,3,448,0.4,22
449,0.1,2,449,0.4,32
450,0.1,7,450,0.4,21
451,0.1,6,451,0.4,29
452,0.1,6,452,0.4,22
453,0.1,5,453,0.4,28
454,0.1,5,454,0.4,18
455,0.1,4,455,0.4,19
456,0.1,4,456,0.4,20
457,0.1,7,457,0.4,23
458,0.1,5,458,0.4,15
459,0.1,2,459,0.4,32
460,0.1,6,460,0.4,30
461,0.1,7,461,0.4,21
462,0.1,2,462,0.4,17
463,0.1,5,463,0.4,27
464,0.1,7,464,0.4,25
465,0.1,4,465,0.4,19
466,0.1,5,466,0.4,28
467,0.1,2,467,0.4,25
468,0.1,5,468,0.4,14
469,0.1,5,469,0.4,16
470,0.1,7,470,0.4,23
471,0.1,6,471,0.4,33
472,0.1,6,472,0.4,21
473,0.1,4,473,0.4,22
474,0.1,4,474,0.4,21
475,0.1,6,475,0.4,25
476,0.1,5,476,0.4,22
477,0.1,7,477,0.4,19
478,0.1,4,478,0.4,22
479,0.1,7,479,0.4,25
480,0.1,6,480,0.4,28
481,0.1,4,481,0.4,32
482,0.1,4,482,0.4,21
483,0.1,4,483,0.4,25
484,0.1,4,484,0.4,22
485,0.1,5,485,0.4,29
486,0.1,3,486,0.4,18
487,0.1,6,487,0.4,23
488,0.1,9,488,0.4,23
489,0.1,4,489,0.4,16
490,0.1,3,490,0.4,35
491,0.1,8,491,0.4,19
492,0.1,5,492,0.4,20
493,0.1,7,493,0.4,17
494,0.1,7,494,0.4,20
495,0.1,1,495,0.4,28
496,0.1,6,496,0.4,18
497,0.1,5,497,0.4,26
498,0.1,5,498,0.4,17
499,0.1,7,499,0.4,27
500,0.1,7,500,0.4,18
501,0.1,6,501,0.4,34
502,0.1,4,502,0.4,25
503,0.1,4,503,0.4,24
504,0.1,9,504,0.4,19
505,0.1,2,505,0.4,18
506,0.1,7,506,0.4,15
507,0.1,8,507,0.4,23
508,0.1,7,508,0.4,28
509,0.1,5,509,0.4,22
510,0.1,4,510,0.4,27
511,0.1,7,511,0.4,23
512,0.1,10,512,0.4,23
513,0.1,4,513,0.4,12
514,0.1,5,514,0.4,20
515,0.1,6,515,0.4,21
516,0.1,4,516,0.4,14
517,0.1,3,517,0.4,25
518,0.1,5,518,0.4,19
519,0.1,0,519,0.4,20
520,0.1,7,520,0.4,17
521,0.1,4,521,0.4,30
522,0.1,2,522,0.4,15
523,0.1,7,523,0.4,16
524,0.1,4,524,0.4,22
525,0.1,9,525,0.4,25
526,0.1,6,526,0.4,19
527,0.1,3,527,0.4,20
528,0.1,5,528,0.4,17
529,0.1,5,529,0.4,23
530,0.1,5,530,0.4,20
531,0.1,4,531,0.4,28
532,0.1,3,532,0.4,14
533,0.1,3,533,0.4,29
534,0.1,2,534,0.4,17
535,0.1,4,535,0.4,25
536,0.1,7,536,0.4,20
537,0.1,2,537,0.4,25
538,0.1,3,538,0.4,19
539,0.1,3,539,0.4,20
540,0.1,7,540,0.4,26
541,0.1,8,541,0.4,22
542,0.1,7,542,0.4,26
543,0.1,5,543,0.4,21
544,0.1,10,544,0.4,18
545,0.1,8,545,0.4,20
546,0.1,4,546,0.4,21
547,0.1,6,547,0.4,20
548,0.1,5,548,0.4,25
549,0.1,4,549,0.4,18
550,0.1,7,550,0.4,26
551,0.1,6,551,0.4,22
552,0.1,4,552,0.4,21
553,0.1,7,553,0.4,23
554,0.1,2,554,0.4,25
555,0.1,4,555,0.4,24
556,0.1,2,556,0.4,25
557,0.1,3,557,0.4,22
558,0.1,8,558,0.4,30
559,0.1,6,559,0.4,28
560,0.1,9,560,0.4,26
561,0.1,9,561,0.4,31
562,0.1,3,562,0.4,18
563,0.1,4,563,0.4,24
564,0.1,2,564,0.4,26
565,0.1,2,565,0.4,24
566,0.1,6,566,0.4,14
567,0.1,2,567,0.4,25
568,0.1,4,568,0.4,14
569,0.1,1,569,0.4,19
570,0.1,3,570,0.4,22
571,0.1,9,571,0.4,23
572,0.1,7,572,0.4,24
573,0.1,5,573,0.4,19
574,0.1,4,574,0.4,27
575,0.1,6,575,0.4,30
576,0.1,5,576,0.4,21
577,0.1,4,577,0.4,22
578,0.1,8,578,0.4,28
579,0.1,7,579,0.4,27
580,0.1,4,580,0.4,19
581,0.1,5,581,0.4,29
582,0.1,5,582,0.4,23
583,0.1,3,583,0.4,21
584,0.1,7,584,0.4,29
585,0.1,6,585,0.4,25
586,0.1,5,586,0.4,26
587,0.1,8,587,0.4,26
588,0.1,3,588,0.4,15
589,0.1,5,589,0.4,24
590,0.1,9,590,0.4,23
591,0.1,7,591,0.4,16
592,0.1,8,592,0.4,17
593,0.1,6,593,0.4,27
594,0.1,8,594,0.4,22
595,0.1,4,595,0.4,26
596,0.1,5,596,0.4,22
597,0.1,4,597,0.4,27
598,0.1,1,598,0.4,21
599,0.1,2,599,0.4,19
600,0.1,7,600,0.4,22
601,0.1,4,601,0.4,21
602,0.1,1,602,0.4,25
603,0.1,5,603,0.4,20
604,0.1,6,604,0.4,33
605,0.1,7,605,0.4,28
606,0.1,7,606,0.4,24
607,0.1,9,607,0.4,29
608,0.1,4,608,0.4,25
609,0.1,6,609,0.4,20
610,0.1,8,610,0.4,19
611,0.1,6,611,0.4,25
612,0.1,6,612,0.4,22
613,0.1,3,613,0.4,30
614,0.1,4,614,0.4,17
615,0.1,7,615,0.4,20
616,0.1,8,616,0.4,14
617,0.1,4,617,0.4,21
618,0.1,5,618,0.4,20
619,0.1,3,619,0.4,26
620,0.1,7,620,0.4,19
621,0.1,4,621,0.4,19
622,0.1,4,622,0.4,28
623,0.1,6,623,0.4,18
624,0.1,7,624,0.4,22
625,0.1,12,625,0.4,24
626,0.1,6,626,0.4,26
627,0.1,3,627,0.4,27
628,0.1,8,628,0.4,30
629,0.1,9,629,0.4,24
630,0.1,6,630,0.4,21
631,0.1,7,631,0.4,19
632,0.1,3,632,0.4,14
633,0.1,7,633,0.4,24
634,0.1,3,634,0.4,26
635,0.1,7,635,0.4,21
636,0.1,5,636,0.4,17
637,0.1,8,637,0.4,22
638,0.1,4,638,0.4,25
639,0.1,7,639,0.4,19
640,0.1,9,640,0.4,25
641,0.1,5,641,0.4,24
642,0.1,4,642,0.4,33
643,0.1,7,643,0.4,27
644,0.1,5,644,0.4,22
645,0.1,4,645,0.4,18
646,0.1,1,646,0.4,21
647,0.1,7,647,0.4,31
648,0.1,9,648,0.4,40
649,0.1,4,649,0.4,22
650,0.1,4,650,0.4,17
651,0.1,3,651,0.4,20
652,0.1,4,652,0.4,17
653,0.1,7,653,0.4,20
654,0.1,6,654,0.4,28
655,0.1,8,655,0.4,24
656,0.1,2,656,0.4,15
657,0.1,5,657,0.4,24
658,0.1,6,658,0.4,23
659,0.1,7,659,0.4,20
660,0.1,12,660,0.4,24
661,0.1,3,661,0.4,25
662,0.1,4,662,0.4,17
663,0.1,8,663,0.4,27
664,0.1,4,664,0.4,24
665,0.1,4,665,0.4,22
666,0.1,5,666,0.4,21
667,0.1,6,667,0.4,14
668,0.1,1,668,0.4,21
669,0.1,5,669,0.4,23
670,0.1,4,670,0.4,18
671,0.1,4,671,0.4,20
672,0.1,5,672,0.4,28
673,0.1,1,673,0.4,23
674,0.1,2,674,0.4,23
675,0.1,1,675,0.4,19
676,0.1,5,676,0.4,23
677,0.1,9,677,0.4,20
678,0.1,5,678,0.4,28
679,0.1,5,679,0.4,18
680,0.1,5,680,0.4,24
681,0.1,6,681,0.4,26
682,0.1,3,682,0.4,31
683,0.1,4,683,0.4,25
684,0.1,7,684,0.4,16
685,0.1,4,685,0.4,19
686,0.1,4,686,0.4,17
687,0.1,4,687,0.4,29
688,0.1,4,688,0.4,21
689,0.1,6,689,0.4,22
690,0.1,6,690,0.4,35
691,0.1,2,691,0.4,24
692,0.1,4,692,0.4,21
693,0.1,3,693,0.4,22
694,0.1,5,694,0.4,20
695,0.1,10,695,0.4,17
696,0.1,3,696,0.4,21
697,0.1,7,697,0.4,22
698,0.1,5,698,0.4,23
699,0.1,9,699,0.4,28
700,0.1,2,700,0.4,19
701,0.1,8,701,0.4,25
702,0.1,7,702,0.4,18
703,0.1,5,703,0.4,21
704,0.1,8,704,0.4,22
705,0.1,7,705,0.4,19
706,0.1,3,706,0.4,26
707,0.1,7,707,0.4,31
708,0.1,5,708,0.4,23
709,0.1,4,709,0.4,21
710,0.1,8,710,0.4,17
711,0.1,1,711,0.4,24
712,0.1,4,712,0.4,21
713,0.1,6,713,0.4,23
714,0.1,8,714,0.4,21
715,0.1,7,715,0.4,21
716,0.1,8,716,0.4,20
717,0.1,6,717,0.4,29
718,0.1,3,718,0.4,22
719,0.1,1,719,0.4,23
720,0.1,8,720,0.4,24
721,0.1,5,721,0.4,17
722,0.1,7,722,0.4,24
723,0.1,7,723,0.4,24
724,0.1,4,724,0.4,25
725,0.1,3,725,0.4,28
726,0.1,4,726,0.4,31
727,0.1,3,727,0.4,17
728,0.1,3,728,0.4,19
729,0.1,8,729,0.4,27
730,0.1,7,730,0.4,18
731,0.1,5,731,0.4,18
732,0.1,3,732,0.4,22
733,0.1,6,733,0.4,20
734,0.1,4,734,0.4,16
735,0.1,5,735,0.4,30
736,0.1,4,736,0.4,17
737,0.1,4,737,0.4,22
738,0.1,4,738,0.4,29
739,0.1,4,739,0.4,24
740,0.1,8,740,0.4,25
741,0.1,6,741,0.4,24
742,0.1,2,742,0.4,23
743,0.1,6,743,0.4,23
744,0.1,9,744,0.4,19
745,0.1,4,745,0.4,16
746,0.1,7,746,0.4,23
747,0.1,7,747,0.4,21
748,0.1,6,748,0.4,29
749,0.1,3,749,0.4,23
750,0.1,4,750,0.4,17
751,0.1,7,751,0.4,15
752,0.1,4,752,0.4,25
753,0.1,4,753,0.4,17
754,0.1,6,754,0.4,29
755,0.1,5,755,0.4,24
756,0.1,6,756,0.4,19
757,0.1,6,757,0.4,29
758,0.1,7,758,0.4,17
759,0.1,7,759,0.4,12
760,0.1,3,760,0.4,25
761,0.1,3,761,0.4,22
762,0.1,6,762,0.4,16
763,0.1,6,763,0.4,24
764,0.1,4,764,0.4,33
765,0.1,5,765,0.4,23
766,0.1,3,766,0.4,21
767,0.1,3,767,0.4,29
768,0.1,5,768,0.4,28
769,0.1,3,769,0.4,20
770,0.1,3,770,0.4,19
771,0.1,4,771,0.4,25
772,0.1,7,772,0.4,24
773,0.1,9,773,0.4,27
774,0.1,6,774,0.4,29
775,0.1,7,775,0.4,11
776,0.1,5,776,0.4,16
777,0.1,4,777,0.4,18
778,0.1,9,778,0.4,27
779,0.1,2,779,0.4,24
780,0.1,4,780,0.4,19
781,0.1,2,781,0.4,22
782,0.1,8,782,0.4,24
783,0.1,7,783,0.4,23
784,0.1,2,784,0.4,31
785,0.1,4,785,0.4,16
786,0.1,6,786,0.4,28
787,0.1,12,787,0.4,19
788,0.1,5,788,0.4,20
789,0.1,7,789,0.4,24
790,0.1,4,790,0.4,19
791,0.1,3,791,0.4,18
792,0.1,3,792,0.4,21
793,0.1,2,793,0.4,25
794,0.1,8,794,0.4,18
795,0.1,5,795,0.4,24
796,0.1,6,796,0.4,17
797,0.1,5,797,0.4,18
798,0.1,7,798,0.4,15
799,0.1,4,799,0.4,22
800,0.1,3,800,0.4,23
801,0.1,5,801,0.4,16
802,0.1,6,802,0.4,30
803,0.1,7,803,0.4,27
804,0.1,8,804,0.4,22
805,0.1,4,805,0.4,16
806,0.1,7,806,0.4,25
807,0.1,3,807,0.4,29
808,0.1,3,808,0.4,21
809,0.1,6,809,0.4,29
810,0.1,6,810,0.4,25
811,0.1,4,811,0.4,24
812,0.1,2,812,0.4,20
813,0.1,8,813,0.4,21
814,0.1,5,814,0.4,24
815,0.1,5,815,0.4,29
816,0.1,5,816,0.4,27
817,0.1,4,817,0.4,29
818,0.1,10,818,0.4,15
819,0.1,4,819,0.4,17
820,0.1,10,820,0.4,21
821,0.1,3,821,0.4,19
822,0.1,1,822,0.4,24
823,0.1,7,823,0.4,24
824,0.1,4,824,0.4,20
825,0.1,7,825,0.4,28
826,0.1,5,826,0.4,17
827,0.1,3,827,0.4,30
828,0.1,5,828,0.4,15
829,0.1,3,829,0.4,20
830,0.1,8,830,0.4,32
831,0.1,1,831,0.4,19
832,0.1,7,832,0.4,16
833,0.1,6,833,0.4,16
834,0.1,3,834,0.4,25
835,0.1,4,835,0.4,18
836,0.1,1,836,0.4,34
837,0.1,3,837,0.4,30
838,0.1,7,838,0.4,20
839,0.1,4,839,0.4,25
840,0.1,6,840,0.4,14
841,0.1,4,841,0.4,15
842,0.1,9,842,0.4,24
843,0.1,3,843,0.4,17
844,0.1,2,844,0.4,16
845,0.1,3,845,0.4,22
846,0.1,3,846,0.4,19
847,0.1,1,847,0.4,20
848,0.1,8,848,0.4,23
849,0.1,1,849,0.4,27
850,0.1,5,850,0.4,25
851,0.1,6,851,0.4,23
852,0.1,5,852,0.4,22
853,0.1,3,853,0.4,20
854,0.1,3,854,0.4,21
855,0.1,4,855,0.4,26
856,0.1,7,856,0.4,15
857,0.1,3,857,0.4,28
858,0.1,5,858,0.4,26
859,0.1,2,859,0.4,26
860,0.1,6,860,0.4,21
861,0.1,5,861,0.4,19
862,0.1,6,862,0.4,23
863,0.1,5,863,0.4,20
864,0.1,6,864,0.4,24
865,0.1,5,865,0.4,19
866,0.1,7,866,0.4,31
867,0.1,7,867,0.4,16
868,0.1,4,868,0.4,14
869,0.1,10,869,0.4,21
870,0.1,4,870,0.4,24
871,0.1,6,871,0.4,21
872,0.1,5,872,0.4,27
873,0.1,6,873,0.4,24
874,0.1,4,874,0.4,21
875,0.1,8,875,0.4,19
876,0.1,8,876,0.4,24
877,0.1,3,877,0.4,21
878,0.1,2,878,0.4,26
879,0.1,7,879,0.4,33
880,0.1,7,880,0.4,28
881,0.1,7,881,0.4,15
882,0.1,1,882,0.4,22
883,0.1,6,883,0.4,18
884,0.1,4,884,0.4,23
885,0.1,4,885,0.4,24
886,0.1,7,886,0.4,18
887,0.1,4,887,0.4,27
888,0.1,2,888,0.4,24
889,0.1,6,889,0.4,17
890,0.1,2,890,0.4,21
891,0.1,2,,,
892,0.1,6,,,
893,0.1,9,,,
894,0.1,6,,,
895,0.1,4,,,
896,0.1,3,,,
897,0.1,3,,,
898,0.1,4,,,
899,0.1,4,,,
900,0.1,6,,,
901,0.1,5,,,
902,0.1,7,,,
903,0.1,6,,,
904,0.1,6,,,
905,0.1,6,,,
906,0.1,6,,,
907,0.1,2,,,
908,0.1,7,,,
909,0.1,5,,,
910,0.1,7,,,
911,0.1,4,,,
912,0.1,3,,,
913,0.1,2,,,
914,0.1,10,,,
915,0.1,7,,,
916,0.1,8,,,
917,0.1,6,,,
918,0.1,7,,,
919,0.1,0,,,
920,0.1,2,,,
921,0.1,8,,,
922,0.1,7,,,
923,0.1,6,,,
924,0.1,6,,,
925,0.1,3,,,
926,0.1,4,,,
927,0.1,8,,,
928,0.1,1,,,
929,0.1,1,,,
930,0.1,7,,,
931,0.1,5,,,
932,0.1,7,,,
933,0.1,5,,,
934,0.1,6,,,
935,0.1,11,,,
936,0.1,5,,,
937,0.1,8,,,
938,0.1,1,,,
939,0.1,2,,,
940,0.1,5,,,
941,0.1,2,,,
942,0.1,4,,,
943,0.1,3,,,
944,0.1,8,,,
945,0.1,3,,,
946,0.1,5,,,
947,0.1,4,,,
948,0.1,4,,,
949,0.1,4,,,
950,0.1,6,,,
951,0.1,4,,,
952,0.1,3,,,
953,0.1,3,,,
954,0.1,3,,,
955,0.1,9,,,
956,0.1,5,,,
957,0.1,4,,,
958,0.1,3,,,
959,0.1,3,,,
960,0.1,1,,,
961,0.1,2,,,
962,0.1,5,,,
963,0.1,6,,,
964,0.1,3,,,
965,0.1,3,,,
966,0.1,3,,,
967,0.1,2,,,
968,0.1,7,,,
969,0.1,1,,,
970,0.1,3,,,
971,0.1,4,,,
972,0.1,5,,,
973,0.1,2,,,
974,0.1,4,,,
975,0.1,1,,,
976,0.1,3,,,
977,0.1,8,,,
978,0.1,7,,,
979,0.1,5,,,
980,0.1,7,,,
981,0.1,5,,,
982,0.1,5,,,
983,0.1,5,,,
984,0.1,12,,,
985,0.1,3,,,
986,0.1,6,,,
987,0.1,5,,,
988,0.1,3,,,
989,0.1,2,,,
990,0.1,6,,,
991,0.1,6,,,
992,0.1,8,,,
993,0.1,7,,,
994,0.1,2,,,
995,0.1,3,,,
996,0.1,3,,,
997,0.1,6,,,
998,0.1,8,,,
999,0.1,7,,,
1000,0.1,6,,,
1001,0.1,2,,,
1002,0.1,4,,,
1003,0.1,6,,,
1004,0.1,6,,,
1005,0.1,3,,,
1006,0.1,6,,,
1007,0.1,4,,,
1008,0.1,3,,,
1009,0.1,6,,,
1010,0.1,8,,,
1011,0.1,4,,,
1012,0.1,6,,,
1013,0.1,5,,,
1014,0.1,4,,,
1015,0.1,0,,,
1016,0.1,5,,,
1017,0.1,6,,,
1018,0.1,3,,,
1019,0.1,2,,,
1020,0.1,2,,,
1021,0.1,9,,,
1022,0.1,5,,,
1023,0.1,3,,,
1024,0.1,3,,,
1025,0.1,5,,,
1026,0.1,5,,,
1027,0.1,5,,,
1028,0.1,5,,,
1029,0.1,2,,,
1030,0.1,5,,,
1031,0.1,5,,,
1032,0.1,4,,,
1033,0.1,2,,,
1034,0.1,0,,,
1035,0.1,4,,,
1036,0.1,5,,,
1037,0.1,8,,,
1038,0.1,9,,,
1039,0.1,2,,,
1040,0.1,7,,,
1041,0.1,5,,,
1042,0.1,2,,,
1043,0.1,6,,,
1044,0.1,6,,,
1045,0.1,3,,,
1046,0.1,8,,,
1047,0.1,3,,,
1048,0.1,8,,,
1049,0.1,3,,,
1050,0.1,2,,,
1051,0.1,6,,,
1052,0.1,5,,,
1053,0.1,6,,,
1054,0.1,9,,,
1055,0.1,3,,,
1056,0.1,4,,,
1057,0.1,3,,,
1058,0.1,6,,,
1059,0.1,2,,,
1060,0.1,3,,,
1061,0.1,3,,,
1062,0.1,4,,,
1063,0.1,1,,,
1064,0.1,5,,,
1065,0.1,4,,,
1066,0.1,7,,,
1067,0.1,5,,,
1068,0.1,8,,,
1069,0.1,5,,,
1070,0.1,3,,,
1071,0.1,7,,,
1072,0.1,3,,,
1073,0.1,5,,,
1074,0.1,5,,,
1075,0.1,5,,,
1076,0.1,7,,,
1077,0.1,9,,,
1078,0.1,11,,,
1079,0.1,6,,,
1080,0.1,4,,,
1081,0.1,5,,,
1082,0.1,6,,,
1083,0.1,5,,,
1084,0.1,3,,,
1085,0.1,0,,,
1086,0.1,7,,,
1087,0.1,8,,,
1088,0.1,8,,,
1089,0.1,4,,,
1090,0.1,3,,,
1091,0.1,7,,,
1092,0.1,4,,,
1093,0.1,7,,,
1094,0.1,5,,,
1095,0.1,9,,,
1096,0.1,3,,,
1097,0.1,3,,,
1098,0.1,2,,,
1099,0.1,5,,,
1100,0.1,6,,,
1101,0.1,2,,,
1102,0.1,6,,,
1103,0.1,9,,,
1104,0.1,11,,,
1105,0.1,7,,,
1106,0.1,2,,,
1107,0.1,6,,,
1108,0.1,5,,,
1109,0.1,7,,,
1110,0.1,4,,,
1111,0.1,6,,,
1112,0.1,3,,,
1113,0.1,4,,,
1114,0.1,4,,,
1115,0.1,3,,,
1116,0.1,5,,,
1117,0.1,7,,,
1118,0.1,3,,,
1119,0.1,2,,,
1120,0.1,5,,,
1121,0.1,11,,,
1122,0.1,5,,,
1123,0.1,7,,,
1124,0.1,3,,,
1125,0.1,7,,,
1126,0.1,10,,,
1127,0.1,4,,,
1128,0.1,5,,,
1129,0.1,4,,,
1130,0.1,4,,,
1131,0.1,1,,,
1132,0.1,7,,,
1133,0.1,3,,,
1134,0.1,4,,,
1135,0.1,3,,,
1136,0.1,5,,,
1137,0.1,5,,,
1138,0.1,6,,,
1139,0.1,5,,,
1140,0.1,5,,,
1141,0.1,5,,,
1142,0.1,5,,,
1143,0.1,2,,,
1144,0.1,3,,,
1145,0.1,10,,,
1146,0.1,3,,,
1147,0.1,5,,,
1148,0.1,4,,,
1149,0.1,4,,,
1150,0.1,8,,,
1151,0.1,6,,,
1152,0.1,7,,,
1153,0.1,1,,,
1154,0.1,4,,,
1155,0.1,6,,,
1156,0.1,4,,,
1157,0.1,4,,,
1158,0.1,6,,,
1159,0.1,4,,,
1160,0.1,4,,,
1161,0.1,6,,,
1162,0.1,2,,,
1163,0.1,4,,,
1164,0.1,7,,,
1165,0.1,3,,,
1166,0.1,2,,,
1167,0.1,8,,,
1168,0.1,6,,,
1169,0.1,3,,,
1170,0.1,5,,,
1171,0.1,1,,,
1172,0.1,7,,,
1173,0.1,2,,,
1174,0.1,1,,,
1175,0.1,5,,,
1176,0.1,5,,,
1177,0.1,5,,,
1178,0.1,13,,,
1179,0.1,3,,,
1180,0.1,5,,,
1181,0.1,4,,,
1182,0.1,4,,,
1183,0.1,4,,,
1184,0.1,1,,,
1185,0.1,2,,,
1186,0.1,3,,,
1187,0.1,7,,,
1188,0.1,10,,,
1189,0.1,5,,,
1190,0.1,5,,,
1191,0.1,5,,,
1192,0.1,5,,,
1193,0.1,5,,,
1194,0.1,5,,,
1195,0.1,3,,,
1196,0.1,6,,,
1197,0.1,4,,,
1198,0.1,5,,,
1199,0.1,3,,,
1200,0.1,4,,,
1201,0.1,4,,,
1202,0.1,6,,,
1203,0.1,2,,,
1204,0.1,5,,,
1205,0.1,6,,,
1206,0.1,7,,,
1207,0.1,6,,,
1208,0.1,6,,,
1209,0.1,7,,,
1210,0.1,2,,,
1211,0.1,8,,,
1212,0.1,9,,,
1213,0.1,4,,,
1214,0.1,6,,,
1215,0.1,4,,,
1216,0.1,4,,,
1217,0.1,5,,,
1218,0.1,6,,,
1219,0.1,4,,,
1220,0.1,2,,,
1221,0.1,4,,,
1222,0.1,3,,,
1223,0.1,6,,,
1224,0.1,7,,,
1225,0.1,4,,,
1226,0.1,2,,,
1227,0.1,3,,,
1228,0.1,2,,,
1229,0.1,5,,,
1230,0.1,7,,,
1231,0.1,8,,,
1232,0.1,7,,,
1233,0.1,3,,,
1234,0.1,10,,,
1235,0.1,10,,,
1236,0.1,9,,,
1237,0.1,8,,,
1238,0.1,5,,,
1239,0.1,7,,,
1240,0.1,4,,,
1241,0.1,9,,,
1242,0.1,7,,,
1243,0.1,5,,,
1244,0.1,5,,,
1245,0.1,6,,,
1246,0.1,4,,,
1247,0.1,11,,,
1248,0.1,7,,,
1249,0.1,4,,,
1250,0.1,4,,,
1251,0.1,3,,,
1252,0.1,3,,,
1253,0.1,6,,,
1254,0.1,6,,,
1255,0.1,5,,,
1256,0.1,4,,,
1257,0.1,2,,,
1258,0.1,5,,,
1259,0.1,9,,,
1260,0.1,5,,,
1261,0.1,3,,,
1262,0.1,4,,,
1263,0.1,10,,,
1264,0.1,6,,,
1265,0.1,4,,,
1266,0.1,3,,,
1267,0.1,4,,,
1268,0.1,2,,,
1269,0.1,2,,,
1270,0.1,5,,,
1271,0.1,1,,,
1272,0.1,2,,,
1273,0.1,6,,,
1274,0.1,5,,,
1275,0.1,2,,,
1276,0.1,10,,,
1277,0.1,3,,,
1278,0.1,5,,,
1279,0.1,3,,,
1280,0.1,1,,,
1281,0.1,4,,,
1282,0.1,8,,,
1283,0.1,6,,,
1284,0.1,5,,,
1285,0.1,4,,,
1286,0.1,8,,,
1287,0.1,1,,,
1288,0.1,7,,,
1289,0.1,7,,,
1290,0.1,2,,,
1291,0.1,9,,,
1292,0.1,7,,,
1293,0.1,6,,,
1294,0.1,8,,,
1295,0.1,7,,,
1296,0.1,6,,,
1297,0.1,4,,,
1298,0.1,2,,,
1299,0.1,8,,,
1300,0.1,5,,,
1301,0.1,3,,,
1302,0.1,5,,,
1303,0.1,6,,,
1304,0.1,11,,,
1305,0.1,2,,,
1306,0.1,4,,,
1307,0.1,3,,,
1308,0.1,4,,,
1309,0.1,8,,,
1310,0.1,5,,,
1311,0.1,4,,,
1312,0.1,4,,,
1313,0.1,3,,,
1314,0.1,5,,,
1315,0.1,2,,,
1316,0.1,6,,,
1317,0.1,6,,,
1318,0.1,1,,,
1319,0.1,5,,,
1320,0.1,1,,,
1321,0.1,8,,,
1322,0.1,2,,,
1323,0.1,3,,,
1324,0.1,2,,,
1325,0.1,2,,,
1326,0.1,4,,,
1327,0.1,8,,,
1328,0.1,4,,,
1329,0.1,4,,,
1330,0.1,2,,,
1331,0.1,6,,,
1332,0.1,7,,,
1333,0.1,7,,,
1334,0.1,3,,,
1335,0.1,2,,,
1336,0.1,9,,,
1337,0.1,4,,,
1338,0.1,7,,,
1339,0.1,6,,,
1340,0.1,6,,,
1341,0.1,3,,,
1342,0.1,4,,,
1343,0.1,6,,,
1344,0.1,4,,,
1345,0.1,3,,,
1346,0.1,3,,,
1347,0.1,3,,,
1348,0.1,6,,,
1349,0.1,3,,,
1350,0.1,5,,,
1351,0.1,9,,,
1352,0.1,6,,,
1353,0.1,2,,,
1354,0.1,1,,,
1355,0.1,6,,,
1356,0.1,3,,,
1357,0.1,7,,,
1358,0.1,5,,,
1359,0.1,2,,,
1360,0.1,3,,,
1361,0.1,4,,,
1362,0.1,4,,,
1363,0.1,8,,,
1364,0.1,5,,,
1365,0.1,5,,,
1366,0.1,7,,,
1367,0.1,6,,,
1368,0.1,6,,,
1369,0.1,7,,,
1370,0.1,6,,,
1371,0.1,7,,,
1372,0.1,7,,,
1373,0.1,3,,,
1374,0.1,7,,,
1375,0.1,4,,,
1376,0.1,5,,,
1377,0.1,3,,,
1378,0.1,3,,,
1379,0.1,3,,,
1380,0.1,4,,,
1381,0.1,8,,,
1382,0.1,4,,,
1383,0.1,6,,,
1384,0.1,7,,,
1385,0.1,9,,,
1386,0.1,3,,,
1387,0.1,5,,,
1388,0.1,7,,,
1389,0.1,4,,,
1390,0.1,6,,,
1391,0.1,2,,,
1392,0.1,7,,,
1393,0.1,7,,,
1394,0.1,12,,,
1395,0.1,1,,,
1396,0.1,7,,,
1397,0.1,4,,,
1398,0.1,4,,,
1399,0.1,3,,,
1400,0.1,10,,,
1401,0.1,8,,,
1402,0.1,3,,,
1403,0.1,2,,,
1404,0.1,4,,,
1405,0.1,5,,,
1406,0.1,3,,,
1407,0.1,2,,,
1408,0.1,4,,,
1409,0.1,6,,,
1410,0.1,8,,,
1411,0.1,4,,,
1412,0.1,4,,,
1413,0.1,5,,,
1414,0.1,2,,,
1415,0.1,5,,,
1416,0.1,13,,,
1417,0.1,5,,,
1418,0.1,6,,,
1419,0.1,3,,,
1420,0.1,8,,,
1421,0.1,4,,,
1422,0.1,8,,,
1423,0.1,5,,,
1424,0.1,2,,,
1425,0.1,8,,,
1426,0.1,3,,,
1427,0.1,7,,,
1428,0.1,5,,,
1429,0.1,4,,,
1430,0.1,6,,,
1431,0.1,10,,,
1432,0.1,6,,,
1433,0.1,3,,,
1434,0.1,2,,,
1435,0.1,2,,,
1436,0.1,9,,,
1437,0.1,2,,,
1438,0.1,3,,,
1439,0.1,7,,,
1440,0.1,4,,,
1441,0.1,8,,,
1442,0.1,5,,,
1443,0.1,6,,,
1444,0.1,6,,,
1445,0.1,5,,,
1446,0.1,3,,,
1447,0.1,3,,,
1448,0.1,5,,,
1449,0.1,2,,,
1450,0.1,5,,,
1451,0.1,7,,,
1452,0.1,1,,,
1453,0.1,7,,,
1454,0.1,3,,,
1455,0.1,3,,,
1456,0.1,3,,,
1457,0.1,8,,,
1458,0.1,4,,,
1459,0.1,8,,,
1460,0.1,8,,,
1461,0.1,4,,,
1462,0.1,5,,,
1463,0.1,4,,,
1464,0.1,7,,,
1465,0.1,1,,,
1466,0.1,3,,,
1467,0.1,4,,,
1468,0.1,9,,,
1469,0.1,8,,,
1470,0.1,4,,,
1471,0.1,4,,,
1472,0.1,3,,,
1473,0.1,6,,,
1474,0.1,5,,,
1475,0.1,8,,,
1476,0.1,7,,,
1477,0.1,4,,,
1478,0.1,3,,,
1479,0.1,4,,,
1480,0.1,4,,,
1481,0.1,2,,,
1482,0.1,4,,,
1483,0.1,5,,,
1484,0.1,2,,,
1485,0.1,3,,,
1486,0.1,9,,,
1487,0.1,5,,,
1488,0.1,5,,,
1489,0.1,2,,,
1490,0.1,5,,,
1491,0.1,6,,,
1492,0.1,4,,,
1493,0.1,7,,,
1494,0.1,3,,,
1495,0.1,5,,,
1496,0.1,6,,,
1497,0.1,6,,,
1498,0.1,3,,,
1499,0.1,9,,,
1500,0.1,5,,,
1501,0.1,5,,,
1502,0.1,4,,,
1503,0.1,5,,,
1504,0.1,4,,,
1505,0.1,3,,,
1506,0.1,2,,,
1507,0.1,4,,,
1508,0.1,3,,,
1509,0.1,9,,,
1510,0.1,8,,,
1511,0.1,7,,,
1512,0.1,7,,,
1513,0.1,7,,,
1514,0.1,8,,,
1515,0.1,6,,,
1516,0.1,5,,,
1517,0.1,4,,,
1518,0.1,4,,,
1519,0.1,3,,,
1520,0.1,6,,,
1521,0.1,7,,,
1522,0.1,6,,,
1523,0.1,5,,,
1524,0.1,3,,,
1525,0.1,3,,,
1526,0.1,6,,,
1527,0.1,8,,,
1528,0.1,4,,,
1529,0.1,3,,,
1530,0.1,5,,,
1531,0.1,3,,,
1532,0.1,3,,,
1533,0.1,3,,,
1534,0.1,8,,,
1535,0.1,7,,,
1536,0.1,1,,,
1537,0.1,5,,,
1538,0.1,1,,,
1539,0.1,7,,,
1540,0.1,6,,,
1541,0.1,6,,,
1542,0.1,6,,,
1543,0.1,9,,,
1544,0.1,3,,,
1545,0.1,5,,,
1546,0.1,5,,,
1547,0.1,8,,,
1548,0.1,9,,,
1549,0.1,4,,,
1550,0.1,3,,,
1551,0.1,4,,,
1552,0.1,7,,,
1553,0.1,5,,,
1554,0.1,7,,,
1555,0.1,5,,,
1556,0.1,7,,,
1557,0.1,2,,,
1558,0.1,5,,,
1559,0.1,3,,,
1560,0.1,7,,,
1561,0.1,7,,,
1562,0.1,7,,,
1563,0.1,8,,,
1564,0.1,6,,,
1565,0.1,9,,,
1566,0.1,5,,,
1567,0.1,2,,,
1568,0.1,3,,,
1569,0.1,5,,,
1570,0.1,4,,,
1571,0.1,6,,,
1572,0.1,7,,,
1573,0.1,3,,,
1574,0.1,6,,,
1575,0.1,2,,,
1576,0.1,5,,,
1577,0.1,4,,,
1578,0.1,9,,,
1579,0.1,4,,,
1580,0.1,4,,,
1581,0.1,7,,,
1582,0.1,6,,,
1583,0.1,3,,,
1584,0.1,6,,,
1585,0.1,3,,,
1586,0.1,7,,,
1587,0.1,0,,,
1588,0.1,1,,,
1589,0.1,6,,,
1590,0.1,6,,,
1591,0.1,3,,,
1592,0.1,4,,,
1593,0.1,5,,,
1594,0.1,3,,,
1595,0.1,1,,,
1596,0.1,9,,,
1597,0.1,1,,,
1598,0.1,5,,,
1599,0.1,2,,,
1600,0.1,3,,,
1601,0.1,5,,,
1602,0.1,5,,,
1603,0.1,3,,,
1604,0.1,2,,,
1605,0.1,5,,,
1606,0.1,2,,,
1607,0.1,7,,,
1608,0.1,3,,,
1609,0.1,5,,,
1610,0.1,5,,,
1611,0.1,7,,,
1612,0.1,3,,,
1613,0.1,7,,,
1614,0.1,5,,,
1615,0.1,7,,,
1616,0.1,5,,,
1617,0.1,11,,,
1618,0.1,4,,,
1619,0.1,3,,,
1620,0.1,3,,,
1621,0.1,3,,,
1622,0.1,7,,,
1623,0.1,7,,,
1624,0.1,8,,,
1625,0.1,3,,,
1626,0.1,5,,,
1627,0.1,1,,,
1628,0.1,5,,,
1629,0.1,7,,,
1630,0.1,3,,,
1631,0.1,3,,,
1632,0.1,5,,,
1633,0.1,5,,,
1634,0.1,8,,,
1635,0.1,6,,,
1636,0.1,6,,,
1637,0.1,9,,,
1638,0.1,7,,,
1639,0.1,7,,,
1640,0.1,4,,,
1641,0.1,9,,,
1642,0.1,4,,,
1643,0.1,3,,,
1644,0.1,5,,,
1645,0.1,5,,,
1646,0.1,3,,,
1647,0.1,3,,,
1648,0.1,4,,,
1649,0.1,4,,,
1650,0.1,6,,,
1651,0.1,6,,,
1652,0.1,8,,,
1653,0.1,2,,,
1654,0.1,4,,,
1655,0.1,5,,,
1656,0.1,7,,,
1657,0.1,8,,,
1658,0.1,5,,,
1659,0.1,2,,,
1660,0.1,4,,,
1661,0.1,5,,,
1662,0.1,6,,,
1663,0.1,7,,,
1664,0.1,4,,,
1665,0.1,9,,,
1666,0.1,3,,,
1667,0.1,7,,,
1668,0.1,4,,,
1669,0.1,9,,,
1670,0.1,7,,,
1671,0.1,2,,,
1672,0.1,3,,,
1673,0.1,5,,,
1674,0.1,6,,,
1675,0.1,4,,,
1676,0.1,6,,,
1677,0.1,8,,,
1678,0.1,4,,,
1679,0.1,4,,,
1680,0.1,6,,,
1681,0.1,4,,,
1682,0.1,7,,,
1683,0.1,6,,,
1684,0.1,4,,,
1685,0.1,0,,,
1686,0.1,10,,,
1687,0.1,5,,,
1688,0.1,3,,,
1689,0.1,4,,,
1690,0.1,4,,,
1691,0.1,6,,,
1692,0.1,7,,,
1693,0.1,3,,,
1694,0.1,4,,,
1695,0.1,6,,,
1696,0.1,6,,,
1697,0.1,3,,,
1698,0.1,9,,,
1699,0.1,6,,,
1700,0.1,1,,,
1701,0.1,2,,,
1702,0.1,4,,,
1703,0.1,2,,,
1704,0.1,9,,,
1705,0.1,2,,,
1706,0.1,6,,,
1707,0.1,6,,,
1708,0.1,5,,,
1709,0.1,0,,,
1710,0.1,6,,,
1711,0.1,5,,,
1712,0.1,3,,,
1713,0.1,2,,,
1714,0.1,3,,,
1715,0.1,5,,,
1716,0.1,4,,,
1717,0.1,5,,,
1718,0.1,7,,,
1719,0.1,5,,,
1720,0.1,5,,,
1721,0.1,4,,,
1722,0.1,5,,,
1723,0.1,7,,,
1724,0.1,5,,,
1725,0.1,2,,,
1726,0.1,4,,,
1727,0.1,8,,,
1728,0.1,5,,,
1729,0.1,3,,,
1730,0.1,6,,,
1731,0.1,7,,,
1732,0.1,3,,,
1733,0.1,7,,,
1734,0.1,3,,,
1735,0.1,8,,,
1736,0.1,4,,,
1737,0.1,4,,,
1738,0.1,5,,,
1739,0.1,3,,,
1740,0.1,2,,,
1741,0.1,5,,,
1742,0.1,3,,,
1743,0.1,9,,,
1744,0.1,3,,,
1745,0.1,3,,,
1746,0.1,8,,,
1747,0.1,8,,,
1748,0.1,6,,,
1749,0.1,3,,,
1750,0.1,8,,,
1751,0.1,6,,,
1752,0.1,5,,,
1753,0.1,6,,,
1754,0.1,5,,,
1755,0.1,3,,,
1756,0.1,3,,,
1757,0.1,3,,,
1758,0.1,4,,,
1759,0.1,4,,,
1760,0.1,4,,,
1761,0.1,4,,,
1762,0.1,4,,,
1763,0.1,5,,,
1764,0.1,5,,,
1765,0.1,5,,,
1766,0.1,5,,,
1767,0.1,2,,,
1768,0.1,4,,,
1769,0.1,8,,,
1770,0.1,2,,,
1771,0.1,1,,,
1772,0.1,5,,,
1773,0.1,7,,,
1774,0.1,4,,,
1775,0.1,5,,,
1776,0.1,2,,,
1777,0.1,6,,,
1778,0.1,3,,,
1779,0.1,4,,,
1780,0.1,9,,,
1781,0.1,5,,,
1782,0.1,9,,,
1783,0.1,7,,,
1784,0.1,4,,,
1785,0.1,6,,,
1786,0.1,5,,,
1787,0.1,7,,,
1788,0.1,7,,,
1789,0.1,5,,,
1790,0.1,2,,,
1791,0.1,5,,,
1792,0.1,4,,,
1793,0.1,4,,,
1794,0.1,5,,,
1795,0.1,5,,,
1796,0.1,7,,,
1797,0.1,7,,,
1798,0.1,4,,,
1799,0.1,5,,,
1800,0.1,4,,,
1801,0.1,7,,,
1802,0.1,7,,,
1803,0.1,4,,,
1804,0.1,8,,,
1805,0.1,8,,,
1806,0.1,7,,,
1807,0.1,10,,,
1808,0.1,3,,,
1809,0.1,4,,,
1810,0.1,3,,,
1811,0.1,9,,,
1812,0.1,8,,,
1813,0.1,7,,,
1814,0.1,8,,,
1815,0.1,3,,,
1816,0.1,2,,,
1817,0.1,5,,,
1818,0.1,0,,,
1819,0.1,4,,,
1820,0.1,6,,,
1821,0.1,7,,,
1822,0.1,6,,,
1823,0.1,1,,,
1824,0.1,5,,,
1825,0.1,5,,,
1826,0.1,5,,,
1827,0.1,4,,,
1828,0.1,5,,,
1829,0.1,2,,,
1830,0.1,5,,,
1831,0.1,5,,,
1832,0.1,7,,,
1833,0.1,4,,,
1834,0.1,5,,,
1835,0.1,4,,,
1836,0.1,5,,,
1837,0.1,3,,,
1838,0.1,9,,,
1839,0.1,3,,,
1840,0.1,8,,,
1841,0.1,8,,,
1842,0.1,5,,,
1843,0.1,2,,,
1844,0.1,8,,,
1845,0.1,3,,,
1846,0.1,3,,,
1847,0.1,6,,,
1848,0.1,10,,,
1849,0.1,4,,,
1850,0.1,3,,,
1851,0.1,3,,,
1852,0.1,3,,,
1853,0.1,5,,,
1854,0.1,6,,,
1855,0.1,7,,,
1856,0.1,4,,,
1857,0.1,5,,,
1858,0.1,7,,,
1859,0.1,4,,,
1860,0.1,3,,,
1861,0.1,5,,,
1862,0.1,5,,,
1863,0.1,4,,,
1864,0.1,6,,,
1865,0.1,5,,,
1866,0.1,0,,,
1867,0.1,5,,,
1868,0.1,4,,,
1869,0.1,3,,,
1870,0.1,1,,,
1871,0.1,3,,,
1872,0.1,5,,,
1873,0.1,3,,,
1874,0.1,9,,,
1875,0.1,4,,,
1876,0.1,6,,,
1877,0.1,6,,,
1878,0.1,5,,,
1879,0.1,5,,,
1880,0.1,3,,,
1881,0.1,6,,,
1882,0.1,2,,,
1883,0.1,11,,,
1884,0.1,6,,,
1885,0.1,6,,,
1886,0.1,4,,,
1887,0.1,5,,,
1888,0.1,3,,,
1889,0.1,6,,,
1890,0.1,4,,,
1891,0.1,5,,,
1892,0.1,3,,,
1893,0.1,4,,,
1894,0.1,2,,,
1895,0.1,5,,,
1896,0.1,5,,,
1897,0.1,4,,,
1898,0.1,5,,,
1899,0.1,3,,,
1900,0.1,3,,,
1901,0.1,5,,,
1902,0.1,6,,,
1903,0.1,3,,,
1904,0.1,4,,,
1905,0.1,2,,,
1906,0.1,4,,,
1907,0.1,1,,,
1908,0.1,10,,,
1909,0.1,6,,,
1910,0.1,6,,,
1911,0.1,4,,,
1912,0.1,3,,,
1913,0.1,2,,,
1914,0.1,7,,,
1915,0.1,4,,,
1916,0.1,6,,,
1917,0.1,9,,,
1918,0.1,6,,,
1919,0.1,5,,,
1920,0.1,5,,,
1921,0.1,4,,,
1922,0.1,4,,,
1923,0.1,9,,,
1924,0.1,6,,,
1925,0.1,7,,,
1926,0.1,5,,,
1927,0.1,4,,,
1928,0.1,5,,,
1929,0.1,5,,,
1930,0.1,4,,,
1931,0.1,2,,,
1932,0.1,4,,,
1933,0.1,2,,,
1934,0.1,5,,,
1935,0.1,9,,,
1936,0.1,7,,,
1937,0.1,4,,,
1938,0.1,4,,,
1939,0.1,5,,,
1940,0.1,6,,,
1941,0.1,3,,,
1942,0.1,11,,,
1943,0.1,4,,,
1944,0.1,6,,,
1945,0.1,6,,,
1946,0.1,2,,,
1947,0.1,4,,,
1948,0.1,5,,,
1949,0.1,5,,,
1950,0.1,5,,,
1951,0.1,4,,,
1952,0.1,3,,,
1953,0.1,3,,,
1954,0.1,3,,,
1955,0.1,6,,,
1956,0.1,4,,,
1957,0.1,5,,,
1958,0.1,4,,,
1959,0.1,9,,,
1960,0.1,5,,,
1961,0.1,8,,,
1962,0.1,6,,,
1963,0.1,7,,,
1964,0.1,3,,,
1965,0.1,2,,,
1966,0.1,5,,,
1967,0.1,3,,,
1968,0.1,6,,,
1969,0.1,7,,,
1970,0.1,13,,,
1971,0.1,2,,,
1972,0.1,5,,,
1973,0.1,8,,,
1974,0.1,5,,,
1975,0.1,4,,,
1976,0.1,5,,,
1977,0.1,3,,,
1978,0.1,3,,,
1979,0.1,5,,,
1980,0.1,3,,,
1981,0.1,4,,,
1982,0.1,2,,,
1983,0.1,2,,,
1984,0.1,0,,,
1985,0.1,6,,,
1986,0.1,3,,,
1987,0.1,8,,,
1988,0.1,7,,,
1989,0.1,3,,,
1990,0.1,7,,,
1991,0.1,7,,,
1992,0.1,4,,,
1993,0.1,6,,,
1994,0.1,4,,,
1995,0.1,12,,,
1996,0.1,8,,,
1997,0.1,5,,,
1998,0.1,2,,,
1999,0.1,7,,,
2000,0.1,3,,,
2001,0.1,4,,,
2002,0.1,2,,,
2003,0.1,4,,,
2004,0.1,3,,,
2005,0.1,2,,,
2006,0.1,5,,,
2007,0.1,7,,,
2008,0.1,5,,,
2009,0.1,9,,,
2010,0.1,8,,,
2011,0.1,4,,,
2012,0.1,2,,,
2013,0.1,3,,,
2014,0.1,7,,,
2015,0.1,5,,,
2016,0.1,3,,,
2017,0.1,4,,,
2018,0.1,4,,,
2019,0.1,7,,,
2020,0.1,3,,,
2021,0.1,13,,,
2022,0.1,4,,,
2023,0.1,6,,,
2024,0.1,3,,,
2025,0.1,3,,,
2026,0.1,8,,,
2027,0.1,5,,,
2028,0.1,4,,,
2029,0.1,3,,,
2030,0.1,5,,,
2031,0.1,4,,,
2032,0.1,3,,,
2033,0.1,2,,,
2034,0.1,8,,,
2035,0.1,3,,,
2036,0.1,5,,,
2037,0.1,2,,,
2038,0.1,4,,,
2039,0.1,8,,,
2040,0.1,6,,,
2041,0.1,2,,,
2042,0.1,4,,,
2043,0.1,7,,,
2044,0.1,6,,,
2045,0.1,5,,,
2046,0.1,4,,,
2047,0.1,4,,,
2048,0.1,4,,,
2049,0.1,3,,,
2050,0.1,5,,,
2051,0.1,4,,,
2052,0.1,4,,,
2053,0.1,1,,,
2054,0.1,8,,,
2055,0.1,3,,,
2056,0.1,7,,,
2057,0.1,5,,,
2058,0.1,8,,,
2059,0.1,6,,,
2060,0.1,4,,,
2061,0.1,7,,,
2062,0.1,7,,,
2063,0.1,10,,,
2064,0.1,4,,,
2065,0.1,3,,,
2066,0.1,4,,,
2067,0.1,6,,,
2068,0.1,6,,,
2069,0.1,3,,,
2070,0.1,3,,,
2071,0.1,5,,,
2072,0.1,6,,,
2073,0.1,4,,,
2074,0.1,5,,,
2075,0.1,6,,,
2076,0.1,4,,,
2077,0.1,4,,,
2078,0.1,4,,,
2079,0.1,3,,,
2080,0.1,6,,,
2081,0.1,7,,,
2082,0.1,3,,,
2083,0.1,5,,,
2084,0.1,7,,,
2085,0.1,7,,,
2086,0.1,5,,,
2087,0.1,9,,,
2088,0.1,3,,,
2089,0.1,3,,,
2090,0.1,3,,,
2091,0.1,5,,,
2092,0.1,3,,,
2093,0.1,6,,,
2094,0.1,4,,,
2095,0.1,4,,,
2096,0.1,8,,,
2097,0.1,2,,,
2098,0.1,5,,,
2099,0.1,7,,,
2100,0.1,7,,,
2101,0.1,4,,,
2102,0.1,2,,,
2103,0.1,6,,,
2104,0.1,8,,,
2105,0.1,4,,,
2106,0.1,5,,,
2107,0.1,3,,,
2108,0.1,5,,,
2109,0.1,4,,,
2110,0.1,3,,,
2111,0.1,7,,,
2112,0.1,4,,,
2113,0.1,7,,,
2114,0.1,5,,,
2115,0.1,4,,,
2116,0.1,11,,,
2117,0.1,6,,,
2118,0.1,3,,,
2119,0.1,3,,,
2120,0.1,3,,,
2121,0.1,3,,,
2122,0.1,5,,,
2123,0.1,8,,,
2124,0.1,6,,,
2125,0.1,7,,,
2126,0.1,2,,,
2127,0.1,3,,,
2128,0.1,5,,,
2129,0.1,2,,,
2130,0.1,1,,,
2131,0.1,5,,,
2132,0.1,6,,,
2133,0.1,3,,,
2134,0.1,4,,,
2135,0.1,7,,,
2136,0.1,9,,,
2137,0.1,7,,,
2138,0.1,6,,,
2139,0.1,4,,,
2140,0.1,7,,,
2141,0.1,11,,,
2142,0.1,0,,,
2143,0.1,4,,,
2144,0.1,7,,,
2145,0.1,9,,,
2146,0.1,3,,,
2147,0.1,4,,,
2148,0.1,4,,,
2149,0.1,3,,,
2150,0.1,2,,,
2151,0.1,8,,,
2152,0.1,4,,,
2153,0.1,7,,,
2154,0.1,2,,,
2155,0.1,9,,,
2156,0.1,7,,,
2157,0.1,4,,,
2158,0.1,4,,,
2159,0.1,2,,,
2160,0.1,8,,,
2161,0.1,9,,,
2162,0.1,2,,,
2163,0.1,3,,,
2164,0.1,2,,,
2165,0.1,5,,,
2166,0.1,4,,,
2167,0.1,6,,,
2168,0.1,3,,,
2169,0.1,5,,,
2170,0.1,5,,,
2171,0.1,7,,,
2172,0.1,5,,,
2173,0.1,3,,,
2174,0.1,5,,,
2175,0.1,7,,,
2176,0.1,9,,,
2177,0.1,5,,,
2178,0.1,6,,,
2179,0.1,2,,,
2180,0.1,2,,,
2181,0.1,6,,,
2182,0.1,1,,,
2183,0.1,3,,,
2184,0.1,3,,,
2185,0.1,2,,,
2186,0.1,7,,,
2187,0.1,4,,,
2188,0.1,3,,,
2189,0.1,3,,,
2190,0.1,7,,,
2191,0.1,8,,,
2192,0.1,6,,,
2193,0.1,6,,,
2194,0.1,8,,,
2195,0.1,6,,,
2196,0.1,3,,,
2197,0.1,4,,,
2198,0.1,9,,,
2199,0.1,4,,,
2200,0.1,2,,,
2201,0.1,4,,,
2202,0.1,4,,,
2203,0.1,4,,,
2204,0.1,5,,,
2205,0.1,7,,,
2206,0.1,4,,,
2207,0.1,6,,,
2208,0.1,2,,,
2209,0.1,10,,,
2210,0.1,5,,,
2211,0.1,4,,,
2212,0.1,1,,,
2213,0.1,6,,,
2214,0.1,7,,,
2215,0.1,2,,,
2216,0.1,5,,,
2217,0.1,4,,,
2218,0.1,4,,,
2219,0.1,7,,,
2220,0.1,2,,,
2221,0.1,10,,,
2222,0.1,10,,,
2223,0.1,6,,,
2224,0.1,5,,,
2225,0.1,6,,,
2226,0.1,5,,,
2227,0.1,3,,,
2228,0.1,5,,,
2229,0.1,4,,,
2230,0.1,6,,,
2231,0.1,8,,,
2232,0.1,6,,,
2233,0.1,5,,,
2234,0.1,6,,,
2235,0.1,8,,,
2236,0.1,6,,,
2237,0.1,6,,,
2238,0.1,5,,,
2239,0.1,4,,,
2240,0.1,2,,,
2241,0.1,7,,,
2242,0.1,5,,,
2243,0.1,11,,,
2244,0.1,9,,,
2245,0.1,6,,,
2246,0.1,2,,,
2247,0.1,5,,,
2248,0.1,5,,,
2249,0.1,5,,,
2250,0.1,1,,,
2251,0.1,10,,,
2252,0.1,10,,,
2253,0.1,9,,,
2254,0.1,4,,,
2255,0.1,3,,,
2256,0.1,6,,,
2257,0.1,8,,,
2258,0.1,7,,,
2259,0.1,6,,,
2260,0.1,4,,,
2261,0.1,3,,,
2262,0.1,4,,,
2263,0.1,6,,,
2264,0.1,2,,,
2265,0.1,5,,,
2266,0.1,3,,,
2267,0.1,3,,,
2268,0.1,3,,,
2269,0.1,3,,,
2270,0.1,5,,,
2271,0.1,5,,,
2272,0.1,2,,,
2273,0.1,9,,,
2274,0.1,4,,,
2275,0.1,7,,,
2276,0.1,5,,,
2277,0.1,9,,,
2278,0.1,6,,,
2279,0.1,6,,,
2280,0.1,4,,,
2281,0.1,5,,,
2282,0.1,8,,,
2283,0.1,3,,,
2284,0.1,7,,,
2285,0.1,7,,,
2286,0.1,6,,,
2287,0.1,3,,,
2288,0.1,7,,,
2289,0.1,2,,,
2290,0.1,4,,,
2291,0.1,1,,,
2292,0.1,8,,,
2293,0.1,7,,,
2294,0.1,2,,,
2295,0.1,7,,,
2296,0.1,4,,,
2297,0.1,7,,,
2298,0.1,0,,,
2299,0.1,3,,,
2300,0.1,8,,,
2301,0.1,12,,,
2302,0.1,11,,,
2303,0.1,3,,,
2304,0.1,5,,,
2305,0.1,9,,,
2306,0.1,7,,,
2307,0.1,5,,,
2308,0.1,5,,,
2309,0.1,10,,,
2310,0.1,5,,,
2311,0.1,7,,,
2312,0.1,6,,,
2313,0.1,4,,,
2314,0.1,6,,,
2315,0.1,3,,,
2316,0.1,5,,,
2317,0.1,9,,,
2318,0.1,1,,,
2319,0.1,3,,,
2320,0.1,3,,,
2321,0.1,3,,,
2322,0.1,5,,,
2323,0.1,4,,,
2324,0.1,7,,,
2325,0.1,6,,,
2326,0.1,7,,,
2327,0.1,6,,,
2328,0.1,4,,,
2329,0.1,6,,,
2330,0.1,5,,,
2331,0.1,2,,,
2332,0.1,3,,,
2333,0.1,5,,,
2334,0.1,3,,,
2335,0.1,3,,,
2336,0.1,1,,,
2337,0.1,8,,,
2338,0.1,5,,,
2339,0.1,5,,,
2340,0.1,6,,,
2341,0.1,6,,,
2342,0.1,4,,,
2343,0.1,6,,,
2344,0.1,2,,,
2345,0.1,9,,,
2346,0.1,6,,,
2347,0.1,3,,,
2348,0.1,3,,,
2349,0.1,3,,,
2350,0.1,5,,,
2351,0.1,7,,,
2352,0.1,3,,,
2353,0.1,4,,,
2354,0.1,5,,,
2355,0.1,6,,,
2356,0.1,5,,,
2357,0.1,2,,,
2358,0.1,5,,,
2359,0.1,4,,,
2360,0.1,5,,,
2361,0.1,5,,,
2362,0.1,7,,,
2363,0.1,5,,,
2364,0.1,4,,,
2365,0.1,3,,,
2366,0.1,5,,,
2367,0.1,3,,,
2368,0.1,6,,,
2369,0.1,7,,,
2370,0.1,7,,,
2371,0.1,4,,,
2372,0.1,5,,,
2373,0.1,5,,,
2374,0.1,8,,,
2375,0.1,3,,,
2376,0.1,5,,,
2377,0.1,5,,,
2378,0.1,3,,,
2379,0.1,5,,,
2380,0.1,4,,,
2381,0.1,6,,,
2382,0.1,7,,,
2383,0.1,4,,,
2384,0.1,6,,,
2385,0.1,5,,,
2386,0.1,1,,,
2387,0.1,5,,,
2388,0.1,5,,,
2389,0.1,5,,,
2390,0.1,4,,,
2391,0.1,4,,,
2392,0.1,2,,,
2393,0.1,6,,,
2394,0.1,7,,,
2395,0.1,4,,,
2396,0.1,6,,,
2397,0.1,5,,,
2398,0.1,9,,,
2399,0.1,3,,,
2400,0.1,6,,,
2401,0.1,4,,,
2402,0.1,4,,,
2403,0.1,6,,,
2404,0.1,7,,,
2405,0.1,6,,,
2406,0.1,4,,,
2407,0.1,6,,,
2408,0.1,4,,,
2409,0.1,6,,,
2410,0.1,4,,,
2411,0.1,5,,,
2412,0.1,3,,,
2413,0.1,5,,,
2414,0.1,4,,,
2415,0.1,5,,,
2416,0.1,5,,,
2417,0.1,6,,,
2418,0.1,1,,,
2419,0.1,8,,,
2420,0.1,7,,,
2421,0.1,4,,,
2422,0.1,7,,,
2423,0.1,1,,,
2424,0.1,8,,,
2425,0.1,3,,,
2426,0.1,4,,,
2427,0.1,4,,,
2428,0.1,1,,,
2429,0.1,7,,,
2430,0.1,4,,,
2431,0.1,5,,,
2432,0.1,7,,,
2433,0.1,4,,,
2434,0.1,3,,,
2435,0.1,5,,,
2436,0.1,9,,,
2437,0.1,5,,,
2438,0.1,4,,,
2439,0.1,3,,,
2440,0.1,3,,,
2441,0.1,5,,,
2442,0.1,5,,,
2443,0.1,7,,,
2444,0.1,3,,,
2445,0.1,5,,,
2446,0.1,9,,,
2447,0.1,6,,,
2448,0.1,7,,,
2449,0.1,6,,,
2450,0.1,3,,,
2451,0.1,5,,,
2452,0.1,1,,,
2453,0.1,8,,,
2454,0.1,5,,,
2455,0.1,5,,,
2456,0.1,3,,,
2457,0.1,2,,,
2458,0.1,3,,,
2459,0.1,6,,,
2460,0.1,2,,,
2461,0.1,3,,,
2462,0.1,3,,,
2463,0.1,6,,,
2464,0.1,5,,,
2465,0.1,7,,,
2466,0.1,5,,,
2467,0.1,4,,,
2468,0.1,4,,,
2469,0.1,5,,,
2470,0.1,3,,,
2471,0.1,3,,,
2472,0.1,4,,,
2473,0.1,4,,,
2474,0.1,5,,,
2475,0.1,7,,,
2476,0.1,7,,,
2477,0.1,6,,,
2478,0.1,7,,,
2479,0.1,7,,,
2480,0.1,6,,,
2481,0.1,3,,,
2482,0.1,12,,,
2483,0.1,2,,,
2484,0.1,3,,,
2485,0.1,10,,,
2486,0.1,3,,,
2487,0.1,7,,,
2488,0.1,5,,,
2489,0.1,3,,,
2490,0.1,6,,,
2491,0.1,5,,,
2492,0.1,1,,,
2493,0.1,2,,,
2494,0.1,9,,,
2495,0.1,4,,,
2496,0.1,4,,,
2497,0.1,3,,,
2498,0.1,3,,,
2499,0.1,2,,,
2500,0.1,2,,,
2501,0.1,1,,,
2502,0.1,5,,,
2503,0.1,6,,,
2504,0.1,8,,,
2505,0.1,5,,,
2506,0.1,3,,,
2507,0.1,1,,,
2508,0.1,3,,,
2509,0.1,5,,,
2510,0.1,7,,,
2511,0.1,5,,,
2512,0.1,10,,,
2513,0.1,6,,,
2514,0.1,8,,,
2515,0.1,5,,,
2516,0.1,4,,,
2517,0.1,3,,,
2518,0.1,1,,,
2519,0.1,2,,,
2520,0.1,3,,,
2521,0.1,4,,,
2522,0.1,8,,,
2523,0.1,6,,,
2524,0.1,5,,,
2525,0.1,6,,,
2526,0.1,8,,,
2527,0.1,7,,,
2528,0.1,5,,,
2529,0.1,5,,,
2530,0.1,7,,,
2531,0.1,3,,,
2532,0.1,6,,,
2533,0.1,10,,,
2534,0.1,13,,,
2535,0.1,2,,,
2536,0.1,11,,,
2537,0.1,4,,,
2538,0.1,5,,,
2539,0.1,6,,,
2540,0.1,5,,,
2541,0.1,5,,,
2542,0.1,4,,,
2543,0.1,4,,,
2544,0.1,3,,,
2545,0.1,5,,,
2546,0.1,5,,,
2547,0.1,6,,,
2548,0.1,3,,,
2549,0.1,6,,,
2550,0.1,3,,,
2551,0.1,4,,,
2552,0.1,3,,,
2553,0.1,3,,,
2554,0.1,6,,,
2555,0.1,4,,,
2556,0.1,4,,,
2557,0.1,5,,,
2558,0.1,3,,,
2559,0.1,8,,,
2560,0.1,7,,,
2561,0.1,7,,,
2562,0.1,6,,,
2563,0.1,5,,,
2564,0.1,8,,,
2565,0.1,8,,,
2566,0.1,7,,,
2567,0.1,4,,,
2568,0.1,1,,,
2569,0.1,7,,,
2570,0.1,2,,,
2571,0.1,5,,,
2572,0.1,5,,,
2573,0.1,3,,,
2574,0.1,4,,,
2575,0.1,6,,,
2576,0.1,7,,,
2577,0.1,5,,,
2578,0.1,6,,,
2579,0.1,4,,,
2580,0.1,5,,,
2581,0.1,3,,,
2582,0.1,8,,,
2583,0.1,4,,,
2584,0.1,5,,,
2585,0.1,5,,,
2586,0.1,4,,,
2587,0.1,3,,,
2588,0.1,1,,,
2589,0.1,7,,,
2590,0.1,1,,,
2591,0.1,7,,,
2592,0.1,3,,,
2593,0.1,5,,,
2594,0.1,3,,,
2595,0.1,10,,,
2596,0.1,7,,,
2597,0.1,8,,,
2598,0.1,2,,,
2599,0.1,6,,,
2600,0.1,2,,,
2601,0.1,5,,,
2602,0.1,6,,,
2603,0.1,6,,,
2604,0.1,6,,,
2605,0.1,3,,,
2606,0.1,3,,,
2607,0.1,7,,,
2608,0.1,5,,,
2609,0.1,5,,,
2610,0.1,7,,,
2611,0.1,9,,,
2612,0.1,4,,,
2613,0.1,7,,,
2614,0.1,3,,,
2615,0.1,8,,,
2616,0.1,5,,,
2617,0.1,3,,,
2618,0.1,7,,,
2619,0.1,6,,,
2620,0.1,7,,,
2621,0.1,7,,,
2622,0.1,5,,,
2623,0.1,3,,,
2624,0.1,5,,,
2625,0.1,4,,,
2626,0.1,8,,,
2627,0.1,8,,,
2628,0.1,4,,,
2629,0.1,3,,,
2630,0.1,6,,,
2631,0.1,11,,,
2632,0.1,2,,,
2633,0.1,2,,,
2634,0.1,4,,,
2635,0.1,3,,,
2636,0.1,8,,,
2637,0.1,4,,,
2638,0.1,4,,,
2639,0.1,3,,,
2640,0.1,5,,,
2641,0.1,5,,,
2642,0.1,4,,,
2643,0.1,2,,,
2644,0.1,5,,,
2645,0.1,6,,,
2646,0.1,7,,,
2647,0.1,5,,,
2648,0.1,3,,,
2649,0.1,0,,,
2650,0.1,11,,,
2651,0.1,7,,,
2652,0.1,4,,,
2653,0.1,7,,,
2654,0.1,3,,,
2655,0.1,7,,,
2656,0.1,7,,,
2657,0.1,9,,,
2658,0.1,3,,,
2659,0.1,3,,,
2660,0.1,5,,,
2661,0.1,2,,,
2662,0.1,4,,,
2663,0.1,3,,,
2664,0.1,6,,,
2665,0.1,6,,,
2666,0.1,7,,,
2667,0.1,3,,,
2668,0.1,4,,,
2669,0.1,6,,,
2670,0.1,9,,,
2671,0.1,5,,,
2672,0.1,4,,,
2673,0.1,6,,,
2674,0.1,4,,,
2675,0.1,3,,,
2676,0.1,3,,,
2677,0.1,7,,,
2678,0.1,6,,,
2679,0.1,8,,,
2680,0.1,7,,,
2681,0.1,4,,,
2682,0.1,3,,,
2683,0.1,6,,,
2684,0.1,3,,,
2685,0.1,6,,,
2686,0.1,6,,,
2687,0.1,3,,,
2688,0.1,9,,,
2689,0.1,4,,,
2690,0.1,6,,,
2691,0.1,3,,,
2692,0.1,6,,,
2693,0.1,2,,,
2694,0.1,4,,,
2695,0.1,6,,,
2696,0.1,6,,,
2697,0.1,1,,,
2698,0.1,7,,,
2699,0.1,4,,,
2700,0.1,3,,,
2701,0.1,7,,,
2702,0.1,5,,,
2703,0.1,3,,,
2704,0.1,5,,,
2705,0.1,5,,,
2706,0.1,3,,,
2707,0.1,3,,,
2708,0.1,4,,,
2709,0.1,3,,,
2710,0.1,3,,,
2711,0.1,7,,,
2712,0.1,6,,,
2713,0.1,8,,,
2714,0.1,3,,,
2715,0.1,2,,,
2716,0.1,7,,,
2717,0.1,7,,,
2718,0.1,6,,,
2719,0.1,6,,,
2720,0.1,2,,,
2721,0.1,8,,,
2722,0.1,1,,,
2723,0.1,7,,,
2724,0.1,11,,,
2725,0.1,8,,,
2726,0.1,6,,,
2727,0.1,8,,,
2728,0.1,4,,,
2729,0.1,8,,,
2730,0.1,5,,,
2731,0.1,8,,,
2732,0.1,4,,,
2733,0.1,5,,,
2734,0.1,2,,,
2735,0.1,1,,,
2736,0.1,6,,,
2737,0.1,7,,,
2738,0.1,7,,,
2739,0.1,7,,,
2740,0.1,7,,,
2741,0.1,8,,,
2742,0.1,6,,,
2743,0.1,4,,,
2744,0.1,7,,,
2745,0.1,3,,,
2746,0.1,5,,,
2747,0.1,5,,,
2748,0.1,5,,,
2749,0.1,6,,,
2750,0.1,3,,,
2751,0.1,4,,,
2752,0.1,4,,,
2753,0.1,3,,,
2754,0.1,6,,,
2755,0.1,5,,,
2756,0.1,8,,,
2757,0.1,9,,,
2758,0.1,8,,,
2759,0.1,6,,,
2760,0.1,3,,,
2761,0.1,5,,,
2762,0.1,3,,,
2763,0.1,3,,,
2764,0.1,6,,,
2765,0.1,5,,,
2766,0.1,5,,,
2767,0.1,2,,,
2768,0.1,4,,,
2769,0.1,3,,,
2770,0.1,6,,,
2771,0.1,8,,,
2772,0.1,10,,,
2773,0.1,5,,,
2774,0.1,5,,,
2775,0.1,6,,,
2776,0.1,3,,,
2777,0.1,4,,,
2778,0.1,10,,,
2779,0.1,6,,,
2780,0.1,3,,,
2781,0.1,5,,,
2782,0.1,5,,,
2783,0.1,7,,,
2784,0.1,3,,,
2785,0.1,6,,,
2786,0.1,4,,,
2787,0.1,2,,,
2788,0.1,2,,,
2789,0.1,6,,,
2790,0.1,4,,,
2791,0.1,5,,,
2792,0.1,4,,,
2793,0.1,9,,,
2794,0.1,7,,,
2795,0.1,2,,,
2796,0.1,1,,,
2797,0.1,4,,,
2798,0.1,5,,,
2799,0.1,1,,,
2800,0.1,3,,,
2801,0.1,3,,,
2802,0.1,1,,,
2803,0.1,5,,,
2804,0.1,3,,,
2805,0.1,8,,,
2806,0.1,5,,,
2807,0.1,9,,,
2808,0.1,4,,,
2809,0.1,7,,,
2810,0.1,10,,,
2811,0.1,5,,,
2812,0.1,2,,,
2813,0.1,8,,,
2814,0.1,4,,,
2815,0.1,4,,,
2816,0.1,7,,,
2817,0.1,6,,,
2818,0.1,10,,,
2819,0.1,3,,,
2820,0.1,4,,,
2821,0.1,5,,,
2822,0.1,3,,,
2823,0.1,4,,,
2824,0.1,4,,,
2825,0.1,6,,,
2826,0.1,4,,,
2827,0.1,3,,,
2828,0.1,8,,,
2829,0.1,5,,,
2830,0.1,5,,,
2831,0.1,6,,,
2832,0.1,4,,,
2833,0.1,5,,,
2834,0.1,6,,,
2835,0.1,6,,,
2836,0.1,5,,,
2837,0.1,4,,,
2838,0.1,7,,,
2839,0.1,8,,,
2840,0.1,6,,,
2841,0.1,4,,,
2842,0.1,2,,,
2843,0.1,5,,,
2844,0.1,2,,,
2845,0.1,3,,,
2846,0.1,5,,,
2847,0.1,9,,,
2848,0.1,6,,,
2849,0.1,3,,,
2850,0.1,1,,,
2851,0.1,6,,,
2852,0.1,1,,,
2853,0.1,9,,,
2854,0.1,8,,,
2855,0.1,2,,,
2856,0.1,7,,,
2857,0.1,4,,,
2858,0.1,7,,,
2859,0.1,7,,,
2860,0.1,5,,,
2861,0.1,9,,,
2862,0.1,2,,,
2863,0.1,6,,,
2864,0.1,4,,,
2865,0.1,2,,,
2866,0.1,2,,,
2867,0.1,4,,,
2868,0.1,6,,,
2869,0.1,5,,,
2870,0.1,2,,,
2871,0.1,1,,,
2872,0.1,2,,,
2873,0.1,6,,,
2874,0.1,3,,,
2875,0.1,6,,,
2876,0.1,2,,,
2877,0.1,6,,,
2878,0.1,7,,,
2879,0.1,6,,,
2880,0.1,5,,,
2881,0.1,7,,,
2882,0.1,6,,,
2883,0.1,2,,,
2884,0.1,2,,,
2885,0.1,8,,,
2886,0.1,8,,,
2887,0.1,7,,,
2888,0.1,6,,,
2889,0.1,6,,,
2890,0.1,4,,,
2891,0.1,7,,,
2892,0.1,9,,,
2893,0.1,6,,,
2894,0.1,6,,,
2895,0.1,6,,,
2896,0.1,5,,,
2897,0.1,1,,,
2898,0.1,8,,,
2899,0.1,9,,,
2900,0.1,5,,,
2901,0.1,10,,,
2902,0.1,4,,,
2903,0.1,3,,,
2904,0.1,10,,,
2905,0.1,3,,,
2906,0.1,10,,,
2907,0.1,4,,,
2908,0.1,5,,,
2909,0.1,4,,,
2910,0.1,0,,,
2911,0.1,6,,,
2912,0.1,4,,,
2913,0.1,4,,,
2914,0.1,3,,,
2915,0.1,2,,,
2916,0.1,4,,,
2917,0.1,4,,,
2918,0.1,5,,,
2919,0.1,8,,,
2920,0.1,7,,,
2921,0.1,2,,,
2922,0.1,3,,,
2923,0.1,3,,,
2924,0.1,9,,,
2925,0.1,3,,,
2926,0.1,5,,,
2927,0.1,2,,,
2928,0.1,3,,,
2929,0.1,10,,,
2930,0.1,6,,,
2931,0.1,8,,,
2932,0.1,8,,,
2933,0.1,4,,,
2934,0.1,6,,,
2935,0.1,2,,,
2936,0.1,5,,,
2937,0.1,2,,,
2938,0.1,2,,,
2939,0.1,6,,,
2940,0.1,7,,,
2941,0.1,2,,,
2942,0.1,7,,,
2943,0.1,9,,,
2944,0.1,8,,,
2945,0.1,7,,,
2946,0.1,1,,,
2947,0.1,7,,,
2948,0.1,6,,,
2949,0.1,4,,,
2950,0.1,9,,,
2951,0.1,3,,,
2952,0.1,7,,,
2953,0.1,7,,,
2954,0.1,4,,,
2955,0.1,4,,,
2956,0.1,7,,,
2957,0.1,5,,,
2958,0.1,3,,,
2959,0.1,6,,,
2960,0.1,3,,,
2961,0.1,4,,,
2962,0.1,6,,,
2963,0.1,6,,,
2964,0.1,4,,,
2965,0.1,6,,,
2966,0.1,7,,,
2967,0.1,4,,,
2968,0.1,4,,,
2969,0.1,6,,,
2970,0.1,4,,,
2971,0.1,1,,,
2972,0.1,5,,,
2973,0.1,6,,,
2974,0.1,6,,,
2975,0.1,3,,,
2976,0.1,3,,,
2977,0.1,10,,,
2978,0.1,0,,,
2979,0.1,3,,,
2980,0.1,8,,,
2981,0.1,4,,,
2982,0.1,7,,,
2983,0.1,3,,,
2984,0.1,5,,,
2985,0.1,5,,,
2986,0.1,3,,,
2987,0.1,3,,,
2988,0.1,1,,,
2989,0.1,5,,,
2990,0.1,3,,,
2991,0.1,3,,,
2992,0.1,6,,,
2993,0.1,2,,,
2994,0.1,7,,,
2995,0.1,8,,,
2996,0.1,4,,,
2997,0.1,9,,,
2998,0.1,5,,,
2999,0.1,4,,,
3000,0.1,3,,,
3001,0.1,3,,,
3002,0.1,5,,,
3003,0.1,6,,,
3004,0.1,4,,,
3005,0.1,6,,,
3006,0.1,4,,,
3007,0.1,4,,,
3008,0.1,2,,,
3009,0.1,3,,,
3010,0.1,2,,,
3011,0.1,3,,,
3012,0.1,8,,,
3013,0.1,7,,,
3014,0.1,6,,,
3015,0.1,7,,,
3016,0.1,7,,,
3017,0.1,10,,,
3018,0.1,5,,,
3019,0.1,3,,,
3020,0.1,7,,,
3021,0.1,5,,,
3022,0.1,4,,,
3023,0.1,3,,,
3024,0.1,3,,,
3025,0.1,6,,,
3026,0.1,5,,,
3027,0.1,7,,,
3028,0.1,3,,,
3029,0.1,6,,,
3030,0.1,3,,,
3031,0.1,4,,,
3032,0.1,5,,,
3033,0.1,5,,,
3034,0.1,7,,,
3035,0.1,3,,,
3036,0.1,2,,,
3037,0.1,6,,,
3038,0.1,2,,,
3039,0.1,0,,,
3040,0.1,6,,,
3041,0.1,2,,,
3042,0.1,3,,,
3043,0.1,4,,,
3044,0.1,3,,,
3045,0.1,8,,,
3046,0.1,8,,,
3047,0.1,4,,,
3048,0.1,2,,,
3049,0.1,4,,,
3050,0.1,4,,,
3051,0.1,8,,,
3052,0.1,3,,,
3053,0.1,5,,,
3054,0.1,4,,,
3055,0.1,6,,,
3056,0.1,1,,,
3057,0.1,2,,,
3058,0.1,4,,,
3059,0.1,3,,,
3060,0.1,10,,,
3061,0.1,5,,,
3062,0.1,5,,,
3063,0.1,4,,,
3064,0.1,6,,,
3065,0.1,2,,,
3066,0.1,7,,,
3067,0.1,7,,,
3068,0.1,4,,,
3069,0.1,3,,,
3070,0.1,7,,,
3071,0.1,7,,,
3072,0.1,3,,,
3073,0.1,0,,,
3074,0.1,3,,,
3075,0.1,8,,,
3076,0.1,7,,,
3077,0.1,1,,,
3078,0.1,3,,,
3079,0.1,5,,,
3080,0.1,3,,,
3081,0.1,8,,,
3082,0.1,6,,,
3083,0.1,3,,,
3084,0.1,7,,,
3085,0.1,2,,,
3086,0.1,7,,,
3087,0.1,3,,,
3088,0.1,5,,,
3089,0.1,5,,,
3090,0.1,6,,,
3091,0.1,7,,,
3092,0.1,5,,,
3093,0.1,4,,,
3094,0.1,4,,,
3095,0.1,2,,,
3096,0.1,4,,,
3097,0.1,4,,,
3098,0.1,3,,,
3099,0.1,7,,,
3100,0.1,3,,,
3101,0.1,2,,,
3102,0.1,1,,,
3103,0.1,2,,,
3104,0.1,7,,,
3105,0.1,2,,,
3106,0.1,6,,,
3107,0.1,5,,,
3108,0.1,8,,,
3109,0.1,8,,,
3110,0.1,5,,,
3111,0.1,3,,,
3112,0.1,9,,,
3113,0.1,7,,,
3114,0.1,11,,,
3115,0.1,3,,,
3116,0.1,8,,,
3117,0.1,3,,,
3118,0.1,3,,,
3119,0.1,5,,,
3120,0.1,7,,,
3121,0.1,7,,,
3122,0.1,8,,,
3123,0.1,8,,,
3124,0.1,4,,,
3125,0.1,4,,,
3126,0.1,3,,,
3127,0.1,6,,,
3128,0.1,6,,,
3129,0.1,9,,,
3130,0.1,4,,,
3131,0.1,3,,,
3132,0.1,5,,,
3133,0.1,5,,,
3134,0.1,7,,,
3135,0.1,6,,,
3136,0.1,5,,,
3137,0.1,9,,,
3138,0.1,2,,,
3139,0.1,3,,,
3140,0.1,6,,,
3141,0.1,7,,,
3142,0.1,6,,,
3143,0.1,3,,,
3144,0.1,1,,,
3145,0.1,6,,,
3146,0.1,7,,,
3147,0.1,5,,,
3148,0.1,4,,,
3149,0.1,5,,,
3150,0.1,6,,,
3151,0.1,5,,,
3152,0.1,3,,,
3153,0.1,3,,,
3154,0.1,3,,,
3155,0.1,1,,,
3156,0.1,3,,,
3157,0.1,1,,,
3158,0.1,5,,,
3159,0.1,3,,,
3160,0.1,5,,,
3161,0.1,4,,,
3162,0.1,6,,,
3163,0.1,7,,,
3164,0.1,5,,,
3165,0.1,6,,,
3166,0.1,7,,,
3167,0.1,2,,,
3168,0.1,2,,,
3169,0.1,7,,,
3170,0.1,1,,,
3171,0.1,5,,,
3172,0.1,3,,,
3173,0.1,4,,,
3174,0.1,5,,,
3175,0.1,1,,,
3176,0.1,5,,,
3177,0.1,4,,,
3178,0.1,11,,,
3179,0.1,5,,,
3180,0.1,10,,,
3181,0.1,2,,,
3182,0.1,5,,,
3183,0.1,5,,,
3184,0.1,7,,,
3185,0.1,5,,,
3186,0.1,4,,,
3187,0.1,7,,,
3188,0.1,5,,,
3189,0.1,3,,,
3190,0.1,3,,,
3191,0.1,5,,,
3192,0.1,3,,,
3193,0.1,7,,,
3194,0.1,8,,,
3195,0.1,3,,,
3196,0.1,1,,,
3197,0.1,5,,,
3198,0.1,5,,,
3199,0.1,10,,,
3200,0.1,10,,,
3201,0.1,4,,,
3202,0.1,6,,,
3203,0.1,5,,,
3204,0.1,4,,,
3205,0.1,5,,,
3206,0.1,8,,,
3207,0.1,4,,,
3208,0.1,7,,,
3209,0.1,1,,,
3210,0.1,6,,,
3211,0.1,0,,,
3212,0.1,7,,,
3213,0.1,3,,,
3214,0.1,7,,,
3215,0.1,2,,,
3216,0.1,6,,,
3217,0.1,3,,,
3218,0.1,2,,,
3219,0.1,9,,,
3220,0.1,10,,,
3221,0.1,4,,,
3222,0.1,7,,,
3223,0.1,7,,,
3224,0.1,7,,,
3225,0.1,3,,,
3226,0.1,4,,,
3227,0.1,5,,,
3228,0.1,4,,,
3229,0.1,5,,,
3230,0.1,11,,,
3231,0.1,3,,,
3232,0.1,10,,,
3233,0.1,3,,,
3234,0.1,7,,,
3235,0.1,5,,,
3236,0.1,9,,,
3237,0.1,5,,,
3238,0.1,7,,,
3239,0.1,5,,,
3240,0.1,5,,,
3241,0.1,5,,,
3242,0.1,7,,,
3243,0.1,4,,,
3244,0.1,5,,,
3245,0.1,6,,,
3246,0.1,1,,,
3247,0.1,4,,,
3248,0.1,7,,,
3249,0.1,6,,,
3250,0.1,7,,,
3251,0.1,3,,,
3252,0.1,4,,,
3253,0.1,5,,,
3254,0.1,9,,,
3255,0.1,2,,,
3256,0.1,4,,,
3257,0.1,6,,,
3258,0.1,5,,,
3259,0.1,3,,,
3260,0.1,9,,,
3261,0.1,5,,,
3262,0.1,7,,,
3263,0.1,3,,,
3264,0.1,7,,,
3265,0.1,3,,,
3266,0.1,6,,,
3267,0.1,6,,,
3268,0.1,7,,,
3269,0.1,4,,,
3270,0.1,6,,,
3271,0.1,4,,,
3272,0.1,6,,,
3273,0.1,2,,,
3274,0.1,6,,,
3275,0.1,5,,,
3276,0.1,5,,,
3277,0.1,10,,,
3278,0.1,3,,,
3279,0.1,3,,,
3280,0.1,3,,,
3281,0.1,2,,,
3282,0.1,2,,,
3283,0.1,7,,,
3284,0.1,7,,,
3285,0.1,7,,,
3286,0.1,5,,,
3287,0.1,5,,,
3288,0.1,4,,,
3289,0.1,6,,,
3290,0.1,8,,,
3291,0.1,4,,,
3292,0.1,2,,,
3293,0.1,4,,,
3294,0.1,5,,,
3295,0.1,9,,,
3296,0.1,3,,,
3297,0.1,2,,,
3298,0.1,7,,,
3299,0.1,5,,,
3300,0.1,6,,,
3301,0.1,5,,,
3302,0.1,9,,,
3303,0.1,10,,,
3304,0.1,3,,,
3305,0.1,3,,,
3306,0.1,2,,,
3307,0.1,6,,,
3308,0.1,3,,,
3309,0.1,1,,,
3310,0.1,8,,,
3311,0.1,6,,,
3312,0.1,4,,,
3313,0.1,5,,,
3314,0.1,2,,,
3315,0.1,2,,,
3316,0.1,1,,,
3317,0.1,1,,,
3318,0.1,5,,,
3319,0.1,4,,,
3320,0.1,8,,,
3321,0.1,4,,,
3322,0.1,8,,,
3323,0.1,6,,,
3324,0.1,6,,,
3325,0.1,3,,,
3326,0.1,3,,,
3327,0.1,5,,,
3328,0.1,5,,,
3329,0.1,6,,,
3330,0.1,1,,,
3331,0.1,1,,,
3332,0.1,1,,,
3333,0.1,3,,,
3334,0.1,4,,,
3335,0.1,6,,,
3336,0.1,8,,,
3337,0.1,7,,,
3338,0.1,4,,,
3339,0.1,4,,,
3340,0.1,6,,,
3341,0.1,4,,,
3342,0.1,5,,,
3343,0.1,4,,,
3344,0.1,3,,,
3345,0.1,10,,,
3346,0.1,6,,,
3347,0.1,2,,,
3348,0.1,4,,,
3349,0.1,4,,,
3350,0.1,2,,,
3351,0.1,7,,,
3352,0.1,2,,,
3353,0.1,5,,,
3354,0.1,3,,,
3355,0.1,5,,,
3356,0.1,9,,,
3357,0.1,3,,,
3358,0.1,7,,,
3359,0.1,3,,,
3360,0.1,6,,,
3361,0.1,6,,,
3362,0.1,4,,,
3363,0.1,8,,,
3364,0.1,6,,,
3365,0.1,6,,,
3366,0.1,9,,,
3367,0.1,5,,,
3368,0.1,5,,,
3369,0.1,2,,,
3370,0.1,4,,,
3371,0.1,5,,,
3372,0.1,6,,,
3373,0.1,6,,,
3374,0.1,7,,,
3375,0.1,3,,,
3376,0.1,4,,,
3377,0.1,4,,,
3378,0.1,7,,,
3379,0.1,1,,,
3380,0.1,6,,,
3381,0.1,7,,,
3382,0.1,7,,,
3383,0.1,5,,,
3384,0.1,5,,,
3385,0.1,6,,,
3386,0.1,4,,,
3387,0.1,4,,,
3388,0.1,8,,,
3389,0.1,4,,,
3390,0.1,5,,,
3391,0.1,5,,,
3392,0.1,3,,,
3393,0.1,1,,,
3394,0.1,2,,,
3395,0.1,2,,,
3396,0.1,4,,,
3397,0.1,12,,,
3398,0.1,5,,,
3399,0.1,5,,,
3400,0.1,7,,,
3401,0.1,3,,,
3402,0.1,6,,,
3403,0.1,5,,,
3404,0.1,3,,,
3405,0.1,5,,,
3406,0.1,6,,,
3407,0.1,9,,,
3408,0.1,6,,,
3409,0.1,5,,,
3410,0.1,8,,,
3411,0.1,3,,,
3412,0.1,1,,,
3413,0.1,3,,,
3414,0.1,3,,,
3415,0.1,4,,,
3416,0.1,5,,,
3417,0.1,6,,,
3418,0.1,6,,,
3419,0.1,9,,,
3420,0.1,4,,,
3421,0.1,4,,,
3422,0.1,4,,,
3423,0.1,7,,,
3424,0.1,3,,,
3425,0.1,3,,,
3426,0.1,3,,,
3427,0.1,5,,,
3428,0.1,2,,,
3429,0.1,2,,,
3430,0.1,5,,,
3431,0.1,4,,,
3432,0.1,2,,,
3433,0.1,3,,,
3434,0.1,6,,,
3435,0.1,5,,,
3436,0.1,5,,,
3437,0.1,6,,,
3438,0.1,5,,,
3439,0.1,9,,,
3440,0.1,4,,,
3441,0.1,8,,,
3442,0.1,3,,,
3443,0.1,1,,,
3444,0.1,6,,,
3445,0.1,3,,,
3446,0.1,6,,,
3447,0.1,5,,,
3448,0.1,4,,,
3449,0.1,2,,,
3450,0.1,5,,,
3451,0.1,7,,,
3452,0.1,2,,,
3453,0.1,3,,,
3454,0.1,1,,,
3455,0.1,5,,,
3456,0.1,4,,,
3457,0.1,5,,,
3458,0.1,8,,,
3459,0.1,5,,,
3460,0.1,3,,,
3461,0.1,6,,,
3462,0.1,7,,,
3463,0.1,5,,,
3464,0.1,4,,,
3465,0.1,10,,,
3466,0.1,5,,,
3467,0.1,4,,,
3468,0.1,4,,,
3469,0.1,6,,,
3470,0.1,4,,,
3471,0.1,10,,,
3472,0.1,1,,,
3473,0.1,6,,,
3474,0.1,5,,,
3475,0.1,5,,,
3476,0.1,4,,,
3477,0.1,9,,,
3478,0.1,6,,,
3479,0.1,5,,,
3480,0.1,8,,,
3481,0.1,2,,,
3482,0.1,3,,,
3483,0.1,5,,,
3484,0.1,6,,,
3485,0.1,5,,,
3486,0.1,6,,,
3487,0.1,7,,,
3488,0.1,5,,,
3489,0.1,6,,,
3490,0.1,9,,,
3491,0.1,2,,,
3492,0.1,6,,,
3493,0.1,10,,,
3494,0.1,4,,,
3495,0.1,3,,,
3496,0.1,3,,,
3497,0.1,4,,,
3498,0.1,7,,,
3499,0.1,2,,,
3500,0.1,3,,,
3501,0.1,7,,,
3502,0.1,3,,,
3503,0.1,9,,,
3504,0.1,5,,,
3505,0.1,6,,,
3506,0.1,3,,,
3507,0.1,4,,,
3508,0.1,6,,,
3509,0.1,7,,,
3510,0.1,1,,,
3511,0.1,2,,,
3512,0.1,8,,,
3513,0.1,3,,,
3514,0.1,5,,,
3515,0.1,5,,,
3516,0.1,4,,,
3517,0.1,4,,,
3518,0.1,4,,,
3519,0.1,3,,,
3520,0.1,1,,,
3521,0.1,7,,,
3522,0.1,4,,,
3523,0.1,6,,,
3524,0.1,3,,,
3525,0.1,3,,,
3526,0.1,5,,,
3527,0.1,5,,,
3528,0.1,7,,,
3529,0.1,6,,,
3530,0.1,4,,,
3531,0.1,6,,,
3532,0.1,8,,,
3533,0.1,9,,,
3534,0.1,4,,,
3535,0.1,9,,,
3536,0.1,4,,,
3537,0.1,6,,,
3538,0.1,5,,,
3539,0.1,2,,,
3540,0.1,4,,,
3541,0.1,1,,,
3542,0.1,7,,,
3543,0.1,7,,,
3544,0.1,5,,,
3545,0.1,9,,,
3546,0.1,4,,,
3547,0.1,4,,,
3548,0.1,2,,,
3549,0.1,9,,,
3550,0.1,5,,,
3551,0.1,8,,,
3552,0.1,2,,,
3553,0.1,5,,,
3554,0.1,2,,,
3555,0.1,3,,,
3556,0.1,5,,,
3557,0.1,1,,,
3558,0.1,6,,,
3559,0.1,4,,,
3560,0.1,5,,,
3561,0.1,4,,,
3562,0.1,6,,,
3563,0.1,2,,,
3564,0.1,7,,,
3565,0.1,2,,,
3566,0.1,7,,,
3567,0.1,7,,,
3568,0.1,5,,,
3569,0.1,8,,,
3570,0.1,4,,,
3571,0.1,2,,,
3572,0.1,4,,,
3573,0.1,2,,,
3574,0.1,3,,,
3575,0.1,6,,,
3576,0.1,3,,,
3577,0.1,2,,,
3578,0.1,8,,,
3579,0.1,5,,,
3580,0.1,2,,,
3581,0.1,7,,,
3582,0.1,7,,,
3583,0.1,4,,,
3584,0.1,6,,,
3585,0.1,2,,,
3586,0.1,5,,,
3587,0.1,8,,,
3588,0.1,4,,,
3589,0.1,5,,,
3590,0.1,3,,,
3591,0.1,3,,,
3592,0.1,6,,,
3593,0.1,2,,,
3594,0.1,4,,,
3595,0.1,3,,,
3596,0.1,8,,,
3597,0.1,3,,,
3598,0.1,4,,,
3599,0.1,3,,,
3600,0.1,6,,,
3601,0.1,0,,,
3602,0.1,9,,,
3603,0.1,6,,,
3604,0.1,1,,,
3605,0.1,6,,,
3606,0.1,0,,,
3607,0.1,8,,,
3608,0.1,3,,,
3609,0.1,5,,,
3610,0.1,2,,,
3611,0.1,4,,,
3612,0.1,5,,,
3613,0.1,3,,,
3614,0.1,4,,,
3615,0.1,1,,,
3616,0.1,4,,,
3617,0.1,5,,,
3618,0.1,4,,,
3619,0.1,6,,,
3620,0.1,6,,,
3621,0.1,1,,,
3622,0.1,4,,,
3623,0.1,7,,,
3624,0.1,4,,,
3625,0.1,2,,,
3626,0.1,7,,,
3627,0.1,4,,,
3628,0.1,4,,,
3629,0.1,3,,,
3630,0.1,2,,,
3631,0.1,8,,,
3632,0.1,3,,,
3633,0.1,8,,,
3634,0.1,1,,,
3635,0.1,7,,,
3636,0.1,6,,,
3637,0.1,0,,,
3638,0.1,3,,,
3639,0.1,5,,,
3640,0.1,1,,,
3641,0.1,2,,,
3642,0.1,2,,,
3643,0.1,6,,,
3644,0.1,9,,,
3645,0.1,5,,,
3646,0.1,2,,,
3647,0.1,5,,,
3648,0.1,8,,,
3649,0.1,7,,,
3650,0.1,6,,,
3651,0.1,6,,,
3652,0.1,3,,,
3653,0.1,2,,,
3654,0.1,2,,,
3655,0.1,4,,,
3656,0.1,2,,,
3657,0.1,5,,,
3658,0.1,5,,,
3659,0.1,5,,,
3660,0.1,5,,,
3661,0.1,9,,,
3662,0.1,3,,,
3663,0.1,1,,,
3664,0.1,6,,,
3665,0.1,3,,,
3666,0.1,6,,,
3667,0.1,5,,,
3668,0.1,5,,,
3669,0.1,2,,,
3670,0.1,4,,,
3671,0.1,5,,,
3672,0.1,6,,,
3673,0.1,3,,,
3674,0.1,5,,,
3675,0.1,2,,,
3676,0.1,5,,,
3677,0.1,3,,,
3678,0.1,4,,,
3679,0.1,5,,,
3680,0.1,1,,,
3681,0.1,4,,,
3682,0.1,3,,,
3683,0.1,6,,,
3684,0.1,7,,,
3685,0.1,5,,,
3686,0.1,7,,,
3687,0.1,5,,,
3688,0.1,1,,,
